trndesc,player,club_badge,club,fee
Departures 21/22,Danny Rose,,Without Club,-
Departures 21/22,Paulo Gazzaniga,,Without Club,-
Arrivals 20/21,Giovani Lo Celso,,Real Betis,£28.80m
Arrivals 20/21,Sergio Reguilón,,Real Madrid,£27.00m
Arrivals 20/21,Matt Doherty,,Wolves,£15.12m
Arrivals 20/21,Pierre-Emile Höjbjerg,,Southampton,£14.94m
Arrivals 20/21,Joe Rodon,,Swansea,£10.89m
Arrivals 20/21,Carlos Vinícius,,Benfica,Loan fee:£2.70m
Arrivals 20/21,Joe Hart,,Burnley,free transfer
Arrivals 20/21,Gareth Bale,,Real Madrid,loan transfer
Arrivals 20/21,Oliver Skipp,,Norwich,End of loan
Arrivals 20/21,Cameron Carter-Vickers,,Bournemouth,End of loan
Arrivals 20/21,Jack Clarke,,Stoke City,End of loan
Departures 20/21,Kyle Walker-Peters,,Southampton,£11.97m
Departures 20/21,Jan Vertonghen,,Benfica,free transfer
Departures 20/21,Jack Clarke,,Stoke City,loan transfer
Departures 20/21,Paulo Gazzaniga,,Elche CF,loan transfer
Departures 20/21,Oliver Skipp,,Norwich,loan transfer
Departures 20/21,Juan Foyth,,Villarreal,loan transfer
Departures 20/21,Ryan Sessegnon,,TSG Hoffenheim,loan transfer
Departures 20/21,Cameron Carter-Vickers,,Bournemouth,loan transfer
Departures 20/21,Gedson Fernandes,,Benfica,End of loan
Departures 20/21,Michel Vorm,,Retired,-
Arrivals 19/20,Tanguy Ndombélé,,Olympique Lyon,£54.00m
Arrivals 19/20,Steven Bergwijn,,PSV Eindhoven,£27.00m
Arrivals 19/20,Ryan Sessegnon,,Fulham,£24.30m
Arrivals 19/20,Giovani Lo Celso,,Real Betis,Loan fee:£14.40m
Arrivals 19/20,Jack Clarke,,Leeds,£9.90m
Arrivals 19/20,Gedson Fernandes,,Benfica,Loan fee:£4.05m
Arrivals 19/20,Jack Clarke,,Leeds,End of loan
Arrivals 19/20,Cameron Carter-Vickers,,Stoke City,End of loan
Arrivals 19/20,Japhet Tanganga,,Tottenham U23,-
Arrivals 19/20,Alfie Whiteman,,Tottenham U23,-
Arrivals 19/20,Michel Vorm,,Without Club,-
Departures 19/20,Christian Eriksen,,Inter,£24.30m
Departures 19/20,Kieran Trippier,,Atlético Madrid,£19.80m
Departures 19/20,Vincent Janssen,,Monterrey,£8.10m
Departures 19/20,Georges-Kevin N'Koudou,,Besiktas,£4.05m
Departures 19/20,Danny Rose,,Newcastle,Loan fee:£1.80m
Departures 19/20,Cameron Carter-Vickers,,Luton,loan transfer
Departures 19/20,Victor Wanyama,,Montreal Impact,free transfer
Departures 19/20,Cameron Carter-Vickers,,Stoke City,loan transfer
Departures 19/20,Josh Onomah,,Fulham,free transfer
Departures 19/20,Fernando Llorente,,SSC Napoli,free transfer
Departures 19/20,Jack Clarke,,QPR,loan transfer
Departures 19/20,Kyle Walker-Peters,,Southampton,loan transfer
Departures 19/20,Jack Clarke,,Leeds,loan transfer
Departures 19/20,Michel Vorm,,Without Club,-
Arrivals 18/19,Josh Onomah,,Sheff Wed,End of loan
Arrivals 18/19,Cameron Carter-Vickers,,Swansea,End of loan
Arrivals 18/19,Oliver Skipp,,Tottenham U23,-
Departures 18/19,Mousa Dembélé,,GZ R&F,£4.82m
Departures 18/19,Cameron Carter-Vickers,,Swansea,loan transfer
Departures 18/19,Georges-Kevin N'Koudou,,Monaco,loan transfer
Departures 18/19,Josh Onomah,,Sheff Wed,loan transfer
Arrivals 17/18,Davinson Sánchez,,Ajax,£37.80m
Arrivals 17/18,Lucas Moura,,Paris SG,£25.56m
Arrivals 17/18,Serge Aurier,,Paris SG,£22.50m
Arrivals 17/18,Fernando Llorente,,Swansea,£13.59m
Arrivals 17/18,Juan Foyth,,Estudiantes,£11.70m
Arrivals 17/18,Paulo Gazzaniga,,Southampton,?
Arrivals 17/18,Cameron Carter-Vickers,,Sheff Utd,End of loan
Arrivals 17/18,Josh Onomah,,Aston Villa,End of loan
Arrivals 17/18,Georges-Kevin N'Koudou,,Burnley,End of loan
Arrivals 17/18,Cameron Carter-Vickers,,Ipswich,End of loan
Arrivals 17/18,Kyle Walker-Peters,,Tottenham U23,-
Departures 17/18,Kyle Walker,,Man City,£47.43m
Departures 17/18,Kevin Wimmer,,Stoke City,£17.46m
Departures 17/18,Nabil Bentaleb,,FC Schalke 04,£17.10m
Departures 17/18,Clinton N'Jie,,Marseille,£6.30m
Departures 17/18,Federico Fazio,,AS Roma,£2.88m
Departures 17/18,Vincent Janssen,,Fenerbahce,Loan fee:£2.25m
Departures 17/18,Cameron Carter-Vickers,,Ipswich,loan transfer
Departures 17/18,Cameron Carter-Vickers,,Sheff Utd,loan transfer
Departures 17/18,Georges-Kevin N'Koudou,,Burnley,loan transfer
Departures 17/18,Josh Onomah,,Aston Villa,loan transfer
Arrivals 16/17,Moussa Sissoko,,Newcastle,£31.50m
Arrivals 16/17,Vincent Janssen,,AZ Alkmaar,£19.80m
Arrivals 16/17,Victor Wanyama,,Southampton,£12.96m
Arrivals 16/17,Georges-Kevin N'Koudou,,Marseille,£9.90m
Arrivals 16/17,Pau López,,Espanyol,Loan fee:£990Th.
Arrivals 16/17,Cameron Carter-Vickers,,Tottenham U23,-
Arrivals 16/17,Harry Winks,,Tottenham U23,-
Departures 16/17,Ryan Mason,,Hull City,£13.86m
Departures 16/17,Nacer Chadli,,West Brom,£13.68m
Departures 16/17,Alex Pritchard,,Norwich,£8.46m
Departures 16/17,DeAndre Yedlin,,Newcastle,£5.31m
Departures 16/17,Tom Carroll,,Swansea,£4.68m
Departures 16/17,Federico Fazio,,AS Roma,Loan fee:£1.08m
Departures 16/17,Nabil Bentaleb,,FC Schalke 04,loan transfer
Departures 16/17,Clinton N'Jie,,Marseille,loan transfer
Arrivals 15/16,Heung-min Son,,Bay. Leverkusen,£27.00m
Arrivals 15/16,Toby Alderweireld,,Atlético Madrid,£14.40m
Arrivals 15/16,Clinton N'Jie,,Olympique Lyon,£12.69m
Arrivals 15/16,Kevin Wimmer,,1. FC Köln,£5.40m
Arrivals 15/16,Kieran Trippier,,Burnley,£4.41m
Arrivals 15/16,DeAndre Yedlin,,Sunderland,End of loan
Arrivals 15/16,Alex Pritchard,,West Brom,End of loan
Arrivals 15/16,Josh Onomah,,Spurs U18,-
Departures 15/16,Roberto Soldado,,Villarreal,£14.40m
Departures 15/16,Andros Townsend,,Newcastle,£14.13m
Departures 15/16,Paulinho,,GZ Evergrande,£12.60m
Departures 15/16,Étienne Capoue,,Watford,£8.01m
Departures 15/16,Benjamin Stambouli,,Paris SG,£7.74m
Departures 15/16,Vlad Chiriches,,SSC Napoli,£6.30m
Departures 15/16,Lewis Holtby,,Hamburger SV,£5.85m
Departures 15/16,Aaron Lennon,,Everton,£5.40m
Departures 15/16,Younès Kaboul,,Sunderland,£3.87m
Departures 15/16,Milos Veljkovic,,Werder Bremen,£297Th.
Departures 15/16,Ryan Fredericks,,Bristol City,£225Th.
Departures 15/16,Tomislav Gomelt,,Bari,free transfer
Departures 15/16,Bongani Khumalo,,SuperSport Utd.,free transfer
Departures 15/16,Jonathan Miles,,Ebbsfleet Utd,free transfer
Departures 15/16,Jordan Archer,,Millwall,free transfer
Departures 15/16,Cristian Ceballos,,Charlton,free transfer
Departures 15/16,Alex Pritchard,,West Brom,loan transfer
Departures 15/16,Grant Hall,,QPR,?
Departures 15/16,DeAndre Yedlin,,Sunderland,loan transfer
Departures 15/16,Federico Fazio,,Sevilla FC,loan transfer
Departures 15/16,Brad Friedel,,Retired,-
Departures 15/16,Emmanuel Adebayor,,Without Club,-
Arrivals 14/15,Ben Davies,,Swansea,£11.39m
Arrivals 14/15,Federico Fazio,,Sevilla FC,£9.00m
Arrivals 14/15,Dele Alli,,MK Dons,£5.97m
Arrivals 14/15,Benjamin Stambouli,,Montpellier,£5.31m
Arrivals 14/15,Michel Vorm,,Swansea,£5.13m
Arrivals 14/15,Eric Dier,,Sporting CP,£4.50m
Arrivals 14/15,DeAndre Yedlin,,Sounders FC	,£2.34m
Arrivals 14/15,Bongani Khumalo,,Colchester Utd.,End of loan
Arrivals 14/15,Grant Hall,,Birmingham,End of loan
Arrivals 14/15,Dele Alli,,MK Dons,End of loan
Arrivals 14/15,Aaron Lennon,,Everton,End of loan
Arrivals 14/15,Milos Veljkovic,,Charlton,End of loan
Arrivals 14/15,Grant Hall,,Blackpool,End of loan
Arrivals 14/15,Ryan Fredericks,,Middlesbrough,End of loan
Arrivals 14/15,Tom Carroll,,Swansea,End of loan
Arrivals 14/15,Alex Pritchard,,Brentford,End of loan
Arrivals 14/15,Milos Veljkovic,,Middlesbrough,End of loan
Arrivals 14/15,Jordan Archer,,Northampton,End of loan
Arrivals 14/15,DeAndre Yedlin,,Sounders FC	,End of loan
Departures 14/15,Gylfi Sigurdsson,,Swansea,£9.09m
Departures 14/15,Sandro,,QPR,£6.75m
Departures 14/15,Jake Livermore,,Hull City,£6.30m
Departures 14/15,Kyle Naughton,,Swansea,£5.94m
Departures 14/15,Michael Dawson,,Hull City,£3.96m
Departures 14/15,Zeki Fryers,,Crystal Palace,£3.42m
Departures 14/15,Lewis Holtby,,Hamburger SV,Loan fee:£2.25m
Departures 14/15,Iago Falque,,Genoa,£1.80m
Departures 14/15,Jonathan Obika,,Swindon Town,£225Th.
Departures 14/15,Cameron Lancaster,,Stevenage,free transfer
Departures 14/15,Milos Veljkovic,,Middlesbrough,loan transfer
Departures 14/15,Ryan Fredericks,,Middlesbrough,loan transfer
Departures 14/15,Jordan Archer,,Northampton,loan transfer
Departures 14/15,Grant Hall,,Blackpool,loan transfer
Departures 14/15,Alex Pritchard,,Brentford,loan transfer
Departures 14/15,Grant Hall,,Birmingham,loan transfer
Departures 14/15,Heurelho Gomes,,Watford,free transfer
Departures 14/15,Bongani Khumalo,,Colchester Utd.,loan transfer
Departures 14/15,Dele Alli,,MK Dons,loan transfer
Departures 14/15,Jordan Archer,,Millwall,loan transfer
Departures 14/15,Milos Veljkovic,,Charlton,loan transfer
Departures 14/15,DeAndre Yedlin,,Sounders FC	,loan transfer
Departures 14/15,Tom Carroll,,Swansea,loan transfer
Departures 14/15,Tomislav Gomelt,,Bari,loan transfer
Departures 14/15,Aaron Lennon,,Everton,loan transfer
Departures 14/15,Benoît Assou-Ekotto,,Without Club,-
Arrivals 13/14,Erik Lamela,,AS Roma,£27.00m
Arrivals 13/14,Roberto Soldado,,Valencia,£27.00m
Arrivals 13/14,Paulinho,,Corinthians,£17.75m
Arrivals 13/14,Christian Eriksen,,Ajax,£12.74m
Arrivals 13/14,Étienne Capoue,,Toulouse,£9.90m
Arrivals 13/14,Vlad Chiriches,,Steaua Bukarest,£8.55m
Arrivals 13/14,Nacer Chadli,,Twente FC,£7.34m
Arrivals 13/14,Jonathan Obika,,Charlton,End of loan
Arrivals 13/14,Adam Smith,,Derby,End of loan
Arrivals 13/14,Jordan Archer,,Tottenham U21,-
Arrivals 13/14,Tomislav Gomelt,,Spurs U18,-
Arrivals 13/14,Milos Veljkovic,,Spurs U18,-
Arrivals 13/14,Bongani Khumalo,,Doncaster,End of loan
Arrivals 13/14,Simon Dawkins,,Derby,End of loan
Arrivals 13/14,Lewis Holtby,,Fulham,End of loan
Arrivals 13/14,Ryan Fredericks,,Millwall,End of loan
Arrivals 13/14,Tom Carroll,,QPR,End of loan
Arrivals 13/14,Benoît Assou-Ekotto,,QPR,End of loan
Arrivals 13/14,Jake Livermore,,Hull City,End of loan
Arrivals 13/14,Ryan Mason,,Swindon Town,End of loan
Arrivals 13/14,Grant Hall,,Swindon Town,End of loan
Arrivals 13/14,Jonathan Miles,,Whitehawk,End of loan
Arrivals 13/14,Alex Pritchard,,Swindon Town,End of loan
Arrivals 13/14,Jonathan Obika,,Brighton,End of loan
Arrivals 13/14,Nabil Bentaleb,,Tottenham U21,-
Departures 13/14,Gareth Bale,,Real Madrid,£90.90m
Departures 13/14,Steven Caulker,,Cardiff,£8.24m
Departures 13/14,Jermain Defoe,,Toronto FC,£8.18m
Departures 13/14,Clint Dempsey,,Sounders FC	,£7.36m
Departures 13/14,Tom Huddlestone,,Hull City,£5.22m
Departures 13/14,Scott Parker,,Fulham,£3.87m
Departures 13/14,Simon Dawkins,,Derby,£518Th.
Departures 13/14,Jake Livermore,,Hull City,Loan fee:£270Th.
Departures 13/14,Alex Pritchard,,Swindon Town,loan transfer
Departures 13/14,Iago Falque,,Rayo Vallecano,loan transfer
Departures 13/14,Adam Smith,,Derby,loan transfer
Departures 13/14,Ryan Mason,,Swindon Town,loan transfer
Departures 13/14,Grant Hall,,Swindon Town,loan transfer
Departures 13/14,Cristian Ceballos,,Arouca,loan transfer
Departures 13/14,John Bostock,,Royal Antwerp,free transfer
Departures 13/14,Jonathan Miles,,Whitehawk,loan transfer
Departures 13/14,Jonathan Obika,,Charlton,loan transfer
Departures 13/14,Lewis Holtby,,Fulham,loan transfer
Departures 13/14,Ryan Fredericks,,Millwall,loan transfer
Departures 13/14,Jonathan Obika,,Brighton,loan transfer
Departures 13/14,Simon Dawkins,,Derby,loan transfer
Departures 13/14,Tom Carroll,,QPR,loan transfer
Departures 13/14,Benoît Assou-Ekotto,,QPR,loan transfer
Departures 13/14,Tomislav Gomelt,,Royal Antwerp,loan transfer
Departures 13/14,Bongani Khumalo,,Doncaster,loan transfer
Departures 13/14,Adam Smith,,Bournemouth,?
Departures 13/14,William Gallas,,Without Club,-
Departures 13/14,David Bentley,,Retired,-
Arrivals 12/13,Mousa Dembélé,,Fulham,£17.10m
Arrivals 12/13,Hugo Lloris,,Olympique Lyon,£11.34m
Arrivals 12/13,Jan Vertonghen,,Ajax,£11.25m
Arrivals 12/13,Gylfi Sigurdsson,,TSG Hoffenheim,£9.00m
Arrivals 12/13,Clint Dempsey,,Fulham,£6.75m
Arrivals 12/13,Emmanuel Adebayor,,Man City,£5.76m
Arrivals 12/13,Zeki Fryers,,Standard Liège,£3.15m
Arrivals 12/13,Lewis Holtby,,FC Schalke 04,£1.58m
Arrivals 12/13,Grant Hall,,Brighton,?
Arrivals 12/13,Simon Dawkins,,Quakes,End of loan
Arrivals 12/13,Jermaine Jenas,,Nottm Forest,End of loan
Arrivals 12/13,David Bentley,,Rostov,End of loan
Arrivals 12/13,John Bostock,,Swindon Town,End of loan
Arrivals 12/13,Ryan Fredericks,,Brentford,End of loan
Arrivals 12/13,Jonathan Miles,,Spurs U18,-
Arrivals 12/13,John Bostock,,Toronto FC,End of loan
Arrivals 12/13,Jonathan Miles,,Dag & Red FC,End of loan
Arrivals 12/13,Jonathan Obika,,Charlton,End of loan
Arrivals 12/13,Harry Kane,,Leicester,End of loan
Arrivals 12/13,David Bentley,,Blackburn,End of loan
Arrivals 12/13,Alex Pritchard,,Peterborough,End of loan
Arrivals 12/13,Andros Townsend,,QPR,End of loan
Arrivals 12/13,Adam Smith,,Millwall,End of loan
Arrivals 12/13,Danny Rose,,Sunderland,End of loan
Arrivals 12/13,Harry Kane,,Norwich,End of loan
Departures 12/13,Luka Modric,,Real Madrid,£31.50m
Departures 12/13,Rafael van der Vaart,,Hamburger SV,£11.70m
Departures 12/13,Vedran Corluka,,Loko Moscow,£6.30m
Departures 12/13,Niko Kranjcar,,Dynamo Kyiv,£6.30m
Departures 12/13,Steven Pienaar,,Everton,£5.18m
Departures 12/13,Sébastien Bassong,,Norwich,£2.70m
Departures 12/13,Giovani dos Santos,,RCD Mallorca,£900Th.
Departures 12/13,David Button,,Charlton,£567Th.
Departures 12/13,Heurelho Gomes,,TSG Hoffenheim,Loan fee:£360Th.
Departures 12/13,Bongani Khumalo,,PAOK Salonika,loan transfer
Departures 12/13,John Bostock,,Swindon Town,loan transfer
Departures 12/13,David Bentley,,Rostov,loan transfer
Departures 12/13,Ryan Fredericks,,Brentford,loan transfer
Departures 12/13,Louis Saha,,Sunderland,free transfer
Departures 12/13,Jermaine Jenas,,Nottm Forest,loan transfer
Departures 12/13,Oscar Jansson,,Shamrock Rovers,free transfer
Departures 12/13,Adam Smith,,Millwall,loan transfer
Departures 12/13,David Bentley,,Blackburn,loan transfer
Departures 12/13,Iago Falque,,UD Almería,loan transfer
Departures 12/13,Ryan Mason,,FC Lorient,loan transfer
Departures 12/13,Jermaine Jenas,,QPR,free transfer
Departures 12/13,Simon Dawkins,,Aston Villa,loan transfer
Departures 12/13,Andros Townsend,,QPR,loan transfer
Departures 12/13,Alex Pritchard,,Peterborough,loan transfer
Departures 12/13,Carlo Cudicini,,LA Galaxy,free transfer
Departures 12/13,Jonathan Obika,,Charlton,loan transfer
Departures 12/13,Jonathan Miles,,Dag & Red FC,loan transfer
Departures 12/13,Ben Alnwick,,Barnsley FC,free transfer
Departures 12/13,Ryan Nelsen,,QPR,free transfer
Departures 12/13,Harry Kane,,Leicester,loan transfer
Departures 12/13,John Bostock,,Toronto FC,loan transfer
Departures 12/13,Danny Rose,,Sunderland,loan transfer
Departures 12/13,Harry Kane,,Norwich,loan transfer
Departures 12/13,Ledley King,,Retired,-
Arrivals 11/12,Scott Parker,,West Ham,£5.18m
Arrivals 11/12,Emmanuel Adebayor,,Man City,Loan fee:£2.03m
Arrivals 11/12,Iago Falque,,Juventus U19,£900Th.
Arrivals 11/12,Brad Friedel,,Aston Villa,free transfer
Arrivals 11/12,Ryan Nelsen,,Blackburn,free transfer
Arrivals 11/12,Louis Saha,,Everton,free transfer
Arrivals 11/12,Iago Falque,,Juventus U19,loan transfer
Arrivals 11/12,David Button,,Leyton Orient,End of loan
Arrivals 11/12,Bongani Khumalo,,Reading,End of loan
Arrivals 11/12,Simon Dawkins,,Quakes,End of loan
Arrivals 11/12,Ryan Mason,,Doncaster,End of loan
Arrivals 11/12,David Bentley,,West Ham,End of loan
Arrivals 11/12,Oscar Jansson,,Bradford,End of loan
Arrivals 11/12,Adam Smith,,MK Dons,End of loan
Arrivals 11/12,Alex Pritchard,,Spurs U18,-
Arrivals 11/12,Cristian Ceballos,,Spurs U18,-
Arrivals 11/12,Ben Alnwick,,Leyton Orient,End of loan
Arrivals 11/12,Andros Townsend,,Birmingham,End of loan
Arrivals 11/12,Steven Pienaar,,Everton,End of loan
Arrivals 11/12,Sébastien Bassong,,Wolves,End of loan
Arrivals 11/12,Tom Carroll,,Derby,End of loan
Arrivals 11/12,Iago Falque,,Southampton,End of loan
Arrivals 11/12,Harry Kane,,Millwall,End of loan
Arrivals 11/12,Ryan Mason,,Millwall,End of loan
Arrivals 11/12,Jermaine Jenas,,Aston Villa,End of loan
Arrivals 11/12,Jonathan Obika,,Yeovil Town,End of loan
Arrivals 11/12,David Button,,Barnsley FC,End of loan
Arrivals 11/12,David Button,,Doncaster,End of loan
Arrivals 11/12,John Bostock,,Sheff Wed,End of loan
Arrivals 11/12,Adam Smith,,Leeds,End of loan
Arrivals 11/12,Andros Townsend,,Leeds,End of loan
Departures 11/12,Peter Crouch,,Stoke City,£10.17m
Departures 11/12,Wilson Palacios,,Stoke City,£8.10m
Departures 11/12,Roman Pavlyuchenko,,Loko Moscow,£8.10m
Departures 11/12,Alan Hutton,,Aston Villa,£4.05m
Departures 11/12,Robbie Keane,,LA Galaxy,£3.38m
Departures 11/12,Jamie O'Hara,,Wolves,£3.38m
Departures 11/12,Jermaine Jenas,,Aston Villa,Loan fee:£900Th.
Departures 11/12,Vedran Corluka,,Bay. Leverkusen,Loan fee:£495Th.
Departures 11/12,Paul-José Mpoku,,Standard Liège,£360Th.
Departures 11/12,David Bentley,,West Ham,loan transfer
Departures 11/12,Adam Smith,,MK Dons,loan transfer
Departures 11/12,David Button,,Barnsley FC,loan transfer
Departures 11/12,Oscar Jansson,,Bradford,loan transfer
Departures 11/12,Kyle Naughton,,Norwich,loan transfer
Departures 11/12,David Button,,Leyton Orient,loan transfer
Departures 11/12,Bongani Khumalo,,Reading,loan transfer
Departures 11/12,Jonathan Woodgate,,Stoke City,free transfer
Departures 11/12,Steven Caulker,,Swansea,loan transfer
Departures 11/12,Ben Alnwick,,Leyton Orient,loan transfer
Departures 11/12,John Bostock,,Swindon Town,loan transfer
Departures 11/12,Andros Townsend,,Birmingham,loan transfer
Departures 11/12,Oscar Jansson,,Shamrock Rovers,loan transfer
Departures 11/12,John Bostock,,Sheff Wed,loan transfer
Departures 11/12,Adam Smith,,Leeds,loan transfer
Departures 11/12,Steven Pienaar,,Everton,loan transfer
Departures 11/12,Sébastien Bassong,,Wolves,loan transfer
Departures 11/12,Tom Carroll,,Derby,loan transfer
Departures 11/12,Iago Falque,,Southampton,loan transfer
Departures 11/12,David Button,,Doncaster,loan transfer
Departures 11/12,Andros Townsend,,Leeds,loan transfer
Departures 11/12,Harry Kane,,Millwall,loan transfer
Departures 11/12,Ryan Mason,,Millwall,loan transfer
Departures 11/12,Simon Dawkins,,Quakes,loan transfer
Departures 11/12,Emmanuel Adebayor,,Man City,End of loan
Departures 11/12,Iago Falque,,Juventus U19,End of loan
Arrivals 10/11,Rafael van der Vaart,,Real Madrid,£9.45m
Arrivals 10/11,Sandro,,Internacional,£9.00m
Arrivals 10/11,Steven Pienaar,,Everton,£3.24m
Arrivals 10/11,Bongani Khumalo,,SuperSport Utd.,£1.62m
Arrivals 10/11,Stipe Pletikosa,,Spartak Moscow,Loan fee:£630Th.
Arrivals 10/11,William Gallas,,Arsenal,free transfer
Arrivals 10/11,John Bostock,,Hull City,End of loan
Arrivals 10/11,Ben Alnwick,,Leeds,End of loan
Arrivals 10/11,Oscar Jansson,,Northampton,End of loan
Arrivals 10/11,Andros Townsend,,Ipswich,End of loan
Arrivals 10/11,Andros Townsend,,Millwall,End of loan
Arrivals 10/11,Kyle Walker,,QPR,End of loan
Arrivals 10/11,Cameron Lancaster,,Spurs U18,-
Arrivals 10/11,Ryan Fredericks,,Spurs U18,-
Arrivals 10/11,Mirko Ranieri,,Spurs U18,-
Arrivals 10/11,Paul-José Mpoku,,Spurs U18,-
Arrivals 10/11,Tom Carroll,,Spurs U18,-
Arrivals 10/11,Harry Kane,,Leyton Orient,End of loan
Arrivals 10/11,Cameron Lancaster,,Dag & Red FC,End of loan
Arrivals 10/11,Ben Alnwick,,Doncaster,End of loan
Arrivals 10/11,Jonathan Obika,,Crystal Palace,End of loan
Arrivals 10/11,Harry Kane,,Spurs U18,-
Arrivals 10/11,Danny Rose,,Bristol City,End of loan
Arrivals 10/11,Jonathan Obika,,Peterborough,End of loan
Arrivals 10/11,Andros Townsend,,Watford,End of loan
Arrivals 10/11,Jonathan Obika,,Swindon Town,End of loan
Arrivals 10/11,Simon Dawkins,,Without Club,-
Arrivals 10/11,Mirko Ranieri,,Basingstoke,End of loan
Arrivals 10/11,Jake Livermore,,Leeds,End of loan
Arrivals 10/11,David Button,,Plymouth,End of loan
Arrivals 10/11,Paul-José Mpoku,,Leyton Orient,End of loan
Arrivals 10/11,Kyle Naughton,,Leicester,End of loan
Arrivals 10/11,Kyle Walker,,Aston Villa,End of loan
Arrivals 10/11,David Bentley,,Birmingham,End of loan
Arrivals 10/11,Tom Carroll,,Leyton Orient,End of loan
Arrivals 10/11,Robbie Keane,,West Ham,End of loan
Arrivals 10/11,Jake Livermore,,Ipswich,End of loan
Departures 10/11,Adel Taarabt,,QPR,£1.08m
Departures 10/11,Robbie Keane,,West Ham,Loan fee:£1.08m
Departures 10/11,Giovani dos Santos,,Racing,Loan fee:£270Th.
Departures 10/11,Kyle Walker,,QPR,Loan fee:£212Th.
Departures 10/11,Dorian Dervite,,Villarreal CF B,free transfer
Departures 10/11,Jonathan Obika,,Yeovil Town,loan transfer
Departures 10/11,David Button,,Plymouth,loan transfer
Departures 10/11,Oscar Jansson,,Northampton,loan transfer
Departures 10/11,John Bostock,,Hull City,loan transfer
Departures 10/11,Andros Townsend,,Ipswich,loan transfer
Departures 10/11,Ryan Mason,,Doncaster,loan transfer
Departures 10/11,Jonathan Obika,,Crystal Palace,loan transfer
Departures 10/11,Danny Rose,,Bristol City,loan transfer
Departures 10/11,Jake Livermore,,Ipswich,loan transfer
Departures 10/11,Adam Smith,,Bournemouth,loan transfer
Departures 10/11,Steven Caulker,,Bristol City,loan transfer
Departures 10/11,Paul-José Mpoku,,Leyton Orient,loan transfer
Departures 10/11,Kyle Naughton,,Leicester,loan transfer
Departures 10/11,Ben Alnwick,,Leeds,loan transfer
Departures 10/11,Jonathan Obika,,Peterborough,loan transfer
Departures 10/11,Cameron Lancaster,,Dag & Red FC,loan transfer
Departures 10/11,Jake Livermore,,Leeds,loan transfer
Departures 10/11,Bongani Khumalo,,Preston,loan transfer
Departures 10/11,Andros Townsend,,Millwall,loan transfer
Departures 10/11,Ben Alnwick,,Doncaster,loan transfer
Departures 10/11,Mirko Ranieri,,Basingstoke,loan transfer
Departures 10/11,Jonathan Obika,,Swindon Town,loan transfer
Departures 10/11,Jamie O'Hara,,Wolves,loan transfer
Departures 10/11,Tom Carroll,,Leyton Orient,loan transfer
Departures 10/11,Andros Townsend,,Watford,loan transfer
Departures 10/11,David Bentley,,Birmingham,loan transfer
Departures 10/11,Harry Kane,,Leyton Orient,loan transfer
Departures 10/11,Kyle Walker,,Aston Villa,loan transfer
Departures 10/11,Simon Dawkins,,Quakes,loan transfer
Departures 10/11,Jimmy Walker,,Without Club,-
Arrivals 09/10,Peter Crouch,,Portsmouth,£9.45m
Arrivals 09/10,Sébastien Bassong,,Newcastle,£8.37m
Arrivals 09/10,Kyle Walker,,Sheff Utd,£5.31m
Arrivals 09/10,Younès Kaboul,,Portsmouth,£5.31m
Arrivals 09/10,Kyle Naughton,,Sheff Utd,£5.31m
Arrivals 09/10,Niko Kranjcar,,Portsmouth,£2.52m
Arrivals 09/10,Jimmy Walker,,West Ham,free transfer
Arrivals 09/10,Eidur Gudjohnsen,,Monaco,loan transfer
Arrivals 09/10,David Button,,Crewe Alexandra,End of loan
Arrivals 09/10,Adam Smith,,Wycombe,End of loan
Arrivals 09/10,Oscar Jansson,,Exeter City,End of loan
Arrivals 09/10,Danny Rose,,Peterborough,End of loan
Arrivals 09/10,Ben Alnwick,,Norwich,End of loan
Arrivals 09/10,Tomas Pekhart,,Slavia Prague,End of loan
Arrivals 09/10,Steven Caulker,,Spurs U18,-
Arrivals 09/10,Oscar Jansson,,Spurs U18,-
Arrivals 09/10,Andros Townsend,,Leyton Orient,End of loan
Arrivals 09/10,Jake Livermore,,Derby,End of loan
Arrivals 09/10,Ryan Mason,,Spurs U18,-
Arrivals 09/10,Adam Smith,,Torquay United,End of loan
Arrivals 09/10,Ryan Mason,,Yeovil Town,End of loan
Arrivals 09/10,Jonathan Obika,,Millwall,End of loan
Arrivals 09/10,Kyle Naughton,,Middlesbrough,End of loan
Arrivals 09/10,Adel Taarabt,,QPR,End of loan
Arrivals 09/10,Alan Hutton,,Sunderland,End of loan
Arrivals 09/10,Robbie Keane,,Celtic,End of loan
Arrivals 09/10,Jake Livermore,,Peterborough,End of loan
Arrivals 09/10,Jonathan Obika,,Yeovil Town,End of loan
Arrivals 09/10,Andros Townsend,,MK Dons,End of loan
Arrivals 09/10,Kyle Walker,,Sheff Utd,End of loan
Arrivals 09/10,John Bostock,,Brentford,End of loan
Departures 09/10,Darren Bent,,Sunderland,£10.62m
Departures 09/10,Didier Zokora,,Sevilla FC,£8.10m
Departures 09/10,Kevin-Prince Boateng,,Portsmouth,£4.05m
Departures 09/10,Chris Gunter,,Nottm Forest,£1.80m
Departures 09/10,Pascal Chimbonda,,Blackburn,£1.53m
Departures 09/10,Robbie Keane,,Celtic,Loan fee:£1.08m
Departures 09/10,Tomas Pekhart,,FK Jablonec,£720Th.
Departures 09/10,Giovani dos Santos,,Galatasaray,Loan fee:£630Th.
Departures 09/10,Danny Rose,,Peterborough,loan transfer
Departures 09/10,Oscar Jansson,,Exeter City,loan transfer
Departures 09/10,Jonathan Obika,,Yeovil Town,loan transfer
Departures 09/10,John Bostock,,Brentford,loan transfer
Departures 09/10,David Button,,Shrewsbury,loan transfer
Departures 09/10,Adam Smith,,Wycombe,loan transfer
Departures 09/10,Jamie O'Hara,,Portsmouth,loan transfer
Departures 09/10,Adam Smith,,Torquay United,loan transfer
Departures 09/10,Jake Livermore,,Derby,loan transfer
Departures 09/10,Andros Townsend,,Leyton Orient,loan transfer
Departures 09/10,Ryan Mason,,Yeovil Town,loan transfer
Departures 09/10,Jake Livermore,,Peterborough,loan transfer
Departures 09/10,Kyle Walker,,Sheff Utd,loan transfer
Departures 09/10,Ben Alnwick,,Norwich,loan transfer
Departures 09/10,Ricardo Rocha,,Standard Liège,free transfer
Departures 09/10,Steven Caulker,,Yeovil Town,loan transfer
Departures 09/10,David Hutton,,Cheltenham,free transfer
Departures 09/10,Adel Taarabt,,QPR,loan transfer
Departures 09/10,David Button,,Crewe Alexandra,loan transfer
Departures 09/10,Gilberto,,Cruzeiro,free transfer
Departures 09/10,Cian Hughton,,Lincoln City,free transfer
Departures 09/10,Jonathan Obika,,Millwall,loan transfer
Departures 09/10,Alan Hutton,,Sunderland,loan transfer
Departures 09/10,Kyle Naughton,,Middlesbrough,loan transfer
Departures 09/10,Andros Townsend,,MK Dons,loan transfer
Departures 09/10,Simon Dawkins,,Without Club,-
Arrivals 08/09,Luka Modric,,Dinamo Zagreb,£20.25m
Arrivals 08/09,David Bentley,,Blackburn,£19.80m
Arrivals 08/09,Roman Pavlyuchenko,,Spartak Moscow,£15.66m
Arrivals 08/09,Robbie Keane,,Liverpool,£15.03m
Arrivals 08/09,Jermain Defoe,,Portsmouth,£14.76m
Arrivals 08/09,Wilson Palacios,,Wigan,£13.50m
Arrivals 08/09,Vedran Corluka,,Man City,£12.38m
Arrivals 08/09,Heurelho Gomes,,PSV Eindhoven,£8.10m
Arrivals 08/09,Giovani dos Santos,,FC Barcelona,£5.40m
Arrivals 08/09,Pascal Chimbonda,,Sunderland,£2.88m
Arrivals 08/09,John Bostock,,Crystal Palace,£1.80m
Arrivals 08/09,César Sánchez,,Real Zaragoza,free transfer
Arrivals 08/09,Fraizer Campbell,,Man Utd,loan transfer
Arrivals 08/09,Carlo Cudicini,,Chelsea,free transfer
Arrivals 08/09,Adam Smith,,Spurs U18,-
Arrivals 08/09,David Hutton,,Spurs U18,-
Arrivals 08/09,Andros Townsend,,Spurs U18,-
Arrivals 08/09,Charlie Daniels,,Gillingham FC,End of loan
Arrivals 08/09,Ben Alnwick,,Carlisle United,End of loan
Arrivals 08/09,David Button,,Grays Athletic FC,End of loan
Arrivals 08/09,Tomas Pekhart,,Southampton,End of loan
Arrivals 08/09,Simon Dawkins,,Leyton Orient,End of loan
Arrivals 08/09,Leigh Mills,,Gillingham FC,End of loan
Arrivals 08/09,Jonathan Obika,,Spurs U18,-
Arrivals 08/09,Cian Hughton,,Spurs U18,-
Arrivals 08/09,David Button,,Bournemouth,End of loan
Arrivals 08/09,Danny Hutchins,,Spurs U18,-
Arrivals 08/09,Andy Barcham,,Gillingham FC,End of loan
Arrivals 08/09,Tomas Pekhart,,Tottenham U21,-
Arrivals 08/09,Jonathan Obika,,Yeovil Town,End of loan
Arrivals 08/09,Andros Townsend,,Yeovil Town,End of loan
Arrivals 08/09,Adel Taarabt,,QPR,End of loan
Arrivals 08/09,Dorian Dervite,,Southend United,End of loan
Arrivals 08/09,Danny Rose,,Watford,End of loan
Arrivals 08/09,Chris Gunter,,Nottm Forest,End of loan
Arrivals 08/09,David Button,,Luton,End of loan
Departures 08/09,Dimitar Berbatov,,Man Utd,£34.20m
Departures 08/09,Robbie Keane,,Liverpool,£21.60m
Departures 08/09,Younès Kaboul,,Portsmouth,£5.63m
Departures 08/09,Steed Malbranque,,Sunderland,£4.50m
Departures 08/09,Paul Robinson,,Blackburn,£3.96m
Departures 08/09,Pascal Chimbonda,,Sunderland,£2.88m
Departures 08/09,Anthony Gardner,,Hull City,£2.88m
Departures 08/09,Teemu Tainio,,Sunderland,£2.70m
Departures 08/09,Young-pyo Lee,,Bor. Dortmund,£450Th.
Departures 08/09,Tommy Forecast,,Southampton,£360Th.
Departures 08/09,Kevin-Prince Boateng,,Bor. Dortmund,Loan fee:£90Th.
Departures 08/09,Radek Cerny,,QPR,free transfer
Departures 08/09,David Button,,Dag & Red FC,loan transfer
Departures 08/09,Leigh Mills,,Gillingham FC,loan transfer
Departures 08/09,Charlie Daniels,,Gillingham FC,loan transfer
Departures 08/09,Tomas Pekhart,,Southampton,loan transfer
Departures 08/09,David Button,,Grays Athletic FC,loan transfer
Departures 08/09,Andy Barcham,,Gillingham FC,loan transfer
Departures 08/09,Ben Alnwick,,Carlisle United,loan transfer
Departures 08/09,David Button,,Luton,loan transfer
Departures 08/09,Charlie Daniels,,Leyton Orient,free transfer
Departures 08/09,David Button,,Bournemouth,loan transfer
Departures 08/09,César Sánchez,,Valencia,free transfer
Departures 08/09,Dorian Dervite,,Southend United,loan transfer
Departures 08/09,Andy Barcham,,Gillingham FC,free transfer
Departures 08/09,Hossam Ghaly,,Al-Nassr,free transfer
Departures 08/09,Danny Hutchins,,Yeovil Town,free transfer
Departures 08/09,Paul Stalteri,,Bor. M'gladbach,free transfer
Departures 08/09,Chris Gunter,,Nottm Forest,loan transfer
Departures 08/09,Adel Taarabt,,QPR,loan transfer
Departures 08/09,Giovani dos Santos,,Ipswich,loan transfer
Departures 08/09,Danny Rose,,Watford,loan transfer
Departures 08/09,Jonathan Obika,,Yeovil Town,loan transfer
Departures 08/09,David Hutton,,Cheltenham,loan transfer
Departures 08/09,Andros Townsend,,Yeovil Town,loan transfer
Departures 08/09,Tomas Pekhart,,Slavia Prague,loan transfer
Departures 08/09,Simon Dawkins,,Leyton Orient,loan transfer
Departures 08/09,Leigh Mills,,Without Club,-
Arrivals 07/08,Darren Bent,,Charlton,£22.28m
Arrivals 07/08,Gareth Bale,,Southampton,£13.23m
Arrivals 07/08,Alan Hutton,,Rangers,£11.70m
Arrivals 07/08,Younès Kaboul,,AJ Auxerre,£10.80m
Arrivals 07/08,Jonathan Woodgate,,Middlesbrough,£9.72m
Arrivals 07/08,Kevin-Prince Boateng,,Hertha BSC,£7.11m
Arrivals 07/08,Adel Taarabt,,Lens,£3.60m
Arrivals 07/08,Chris Gunter,,Cardiff,£2.88m
Arrivals 07/08,Gilberto,,Hertha BSC,£2.52m
Arrivals 07/08,Danny Rose,,Leeds U18,£900Th.
Arrivals 07/08,Leigh Mills,,Brentford,End of loan
Arrivals 07/08,Ben Alnwick,,Leicester,End of loan
Arrivals 07/08,Philip Ifil,,Southampton,End of loan
Arrivals 07/08,Jamie O'Hara,,Millwall,End of loan
Arrivals 07/08,Ben Alnwick,,Luton,End of loan
Arrivals 07/08,Jamie O'Hara,,Tottenham U21,-
Arrivals 07/08,Jake Livermore,,Spurs U18,-
Arrivals 07/08,David Button,,Spurs U18,-
Arrivals 07/08,Simon Dawkins,,Spurs U18,-
Arrivals 07/08,Lee Barnard,,Crewe Alexandra,End of loan
Arrivals 07/08,David Button,,Rochdale,End of loan
Arrivals 07/08,Anthony Gardner,,Everton,End of loan
Arrivals 07/08,Jake Livermore,,MK Dons,End of loan
Arrivals 07/08,Charlie Daniels,,Leyton Orient,End of loan
Arrivals 07/08,Andy Barcham,,Leyton Orient,End of loan
Arrivals 07/08,Paul Stalteri,,Fulham,End of loan
Departures 07/08,Jermain Defoe,,Portsmouth,£8.37m
Departures 07/08,Mido,,Middlesbrough,£7.92m
Departures 07/08,Reto Ziegler,,Sampdoria,£1.80m
Departures 07/08,Wayne Routledge,,Aston Villa,£1.53m
Departures 07/08,Philip Ifil,,Colchester Utd.,£428Th.
Departures 07/08,Mark Yeates,,Colchester Utd.,£248Th.
Departures 07/08,Hossam Ghaly,,Derby,loan transfer
Departures 07/08,Andy Barcham,,Leyton Orient,loan transfer
Departures 07/08,Philip Ifil,,Southampton,loan transfer
Departures 07/08,Ben Alnwick,,Luton,loan transfer
Departures 07/08,Leigh Mills,,Brentford,loan transfer
Departures 07/08,Danny Murphy,,Fulham,free transfer
Departures 07/08,Charlie Daniels,,Leyton Orient,loan transfer
Departures 07/08,Lee Barnard,,Crewe Alexandra,loan transfer
Departures 07/08,Jamie O'Hara,,Millwall,loan transfer
Departures 07/08,Anthony Gardner,,Everton,loan transfer
Departures 07/08,Rodrigo Defendi,,Avellino,free transfer
Departures 07/08,Rob Burch,,Sheff Wed,free transfer
Departures 07/08,Ben Alnwick,,Leicester,loan transfer
Departures 07/08,Lee Barnard,,Southend United,free transfer
Departures 07/08,David Button,,Rochdale,loan transfer
Departures 07/08,Jake Livermore,,MK Dons,loan transfer
Departures 07/08,Paul Stalteri,,Fulham,loan transfer
Arrivals 06/07,Dimitar Berbatov,,Bay. Leverkusen,£14.13m
Arrivals 06/07,Didier Zokora,,Saint-Étienne,£11.12m
Arrivals 06/07,Pascal Chimbonda,,Wigan,£9.00m
Arrivals 06/07,Mido,,AS Roma,£6.08m
Arrivals 06/07,Ricardo Rocha,,Benfica,£4.50m
Arrivals 06/07,Benoît Assou-Ekotto,,Lens,£4.50m
Arrivals 06/07,Steed Malbranque,,Fulham,£2.70m
Arrivals 06/07,Ben Alnwick,,Sunderland,£1.35m
Arrivals 06/07,Dorian Dervite,,LOSC Lille U19,£1.35m
Arrivals 06/07,Radek Cerny,,Slavia Prague,£180Th.
Arrivals 06/07,Mark Hughes,,Everton U21,free transfer
Arrivals 06/07,Adel Taarabt,,Lens,loan transfer
Arrivals 06/07,Charlie Daniels,,Chesterfield FC,End of loan
Arrivals 06/07,Mark Yeates,,Leicester,End of loan
Arrivals 06/07,Rob Burch,,Barnet,End of loan
Arrivals 06/07,Mark Yeates,,Hull City,End of loan
Arrivals 06/07,Márton Fülöp,,Sunderland,End of loan
Departures 06/07,Michael Carrick,,Man Utd,£24.48m
Departures 06/07,Calum Davenport,,West Ham,£3.78m
Departures 06/07,Andy Reid,,Charlton,£3.78m
Departures 06/07,Stephen Kelly,,Birmingham,£1.44m
Departures 06/07,Márton Fülöp,,Sunderland,£675Th.
Departures 06/07,Rodrigo Defendi,,AS Roma,Loan fee:£338Th.
Departures 06/07,Dean Marney,,Hull City,£293Th.
Departures 06/07,Márton Fülöp,,Sunderland,loan transfer
Departures 06/07,Wayne Routledge,,Fulham,loan transfer
Departures 06/07,Mark Yeates,,Hull City,loan transfer
Departures 06/07,Johnnie Jackson,,Colchester Utd.,free transfer
Departures 06/07,Mounir El Hamdaoui,,Willem II,free transfer
Departures 06/07,Goran Bunjevcevic,,ADO Den Haag,free transfer
Departures 06/07,Charlie Daniels,,Chesterfield FC,loan transfer
Departures 06/07,Mark Yeates,,Leicester,loan transfer
Departures 06/07,Rob Burch,,Barnet,loan transfer
Departures 06/07,Mark Hughes,,Northampton,free transfer
Departures 06/07,Edgar Davids,,Ajax,free transfer
Departures 06/07,Reto Ziegler,,Sampdoria,loan transfer
Departures 06/07,Noureddine Naybet,,Retired,-
Departures 06/07,Adel Taarabt,,Lens,End of loan
Arrivals 05/06,Jermaine Jenas,,Newcastle,£13.50m
Arrivals 05/06,Tom Huddlestone,,Derby,£4.23m
Arrivals 05/06,Grzegorz Rasiak,,Derby,£3.15m
Arrivals 05/06,Danny Murphy,,Charlton,£2.89m
Arrivals 05/06,Hossam Ghaly,,Feyenoord,£2.70m
Arrivals 05/06,Wayne Routledge,,Crystal Palace,£2.70m
Arrivals 05/06,Young-pyo Lee,,PSV Eindhoven,£1.80m
Arrivals 05/06,Aaron Lennon,,Leeds,£1.08m
Arrivals 05/06,Rodrigo Defendi,,Cruzeiro,£810Th.
Arrivals 05/06,Teemu Tainio,,AJ Auxerre,free transfer
Arrivals 05/06,Paul Stalteri,,Werder Bremen,free transfer
Arrivals 05/06,Edgar Davids,,Inter,free transfer
Arrivals 05/06,Tom Huddlestone,,Wolves,End of loan
Arrivals 05/06,Calum Davenport,,Norwich,End of loan
Arrivals 05/06,Johnnie Jackson,,Derby,End of loan
Arrivals 05/06,Rob Burch,,Bristol City,End of loan
Arrivals 05/06,Dean Marney,,Norwich,End of loan
Arrivals 05/06,Reto Ziegler,,Hamburger SV,End of loan
Arrivals 05/06,Charlie Daniels,,Spurs U18,-
Arrivals 05/06,Tommy Forecast,,Spurs U18,-
Arrivals 05/06,Andy Barcham,,Spurs U18,-
Arrivals 05/06,Wayne Routledge,,Portsmouth,End of loan
Arrivals 05/06,Mounir El Hamdaoui,,Derby,End of loan
Arrivals 05/06,Mark Yeates,,Colchester Utd.,End of loan
Arrivals 05/06,Philip Ifil,,Millwall,End of loan
Departures 05/06,Frédéric Kanouté,,Sevilla FC,£5.85m
Departures 05/06,Simon Davies,,Everton,£4.73m
Departures 05/06,Grzegorz Rasiak,,Southampton,£2.70m
Departures 05/06,Erik Edman,,Stade Rennais,£2.70m
Departures 05/06,Thimothée Atouba,,Hamburger SV,£2.25m
Departures 05/06,Michael Brown,,Fulham,£2.07m
Departures 05/06,Reto Ziegler,,Hamburger SV,Loan fee:£90Th.
Departures 05/06,Philip Ifil,,Millwall,loan transfer
Departures 05/06,Mounir El Hamdaoui,,Derby,loan transfer
Departures 05/06,Calum Davenport,,Norwich,loan transfer
Departures 05/06,Mark Yeates,,Colchester Utd.,loan transfer
Departures 05/06,Johnnie Jackson,,Derby,loan transfer
Departures 05/06,Rob Burch,,Bristol City,loan transfer
Departures 05/06,Dean Marney,,Norwich,loan transfer
Departures 05/06,Spase Dilevski,,Brisbane Roar,free transfer
Departures 05/06,Rodrigo Defendi,,Udinese,loan transfer
Departures 05/06,Wayne Routledge,,Portsmouth,loan transfer
Departures 05/06,Márton Fülöp,,Coventry,loan transfer
Departures 05/06,Tom Huddlestone,,Wolves,loan transfer
Departures 05/06,Noé Pamarot,,Portsmouth,?
Departures 05/06,Gavin Kelly,,Scarborough Athletic,?
Departures 05/06,Reto Ziegler,,Wigan,loan transfer
Departures 05/06,Sean Davis,,Portsmouth,?
Departures 05/06,Pedro Mendes,,Portsmouth,?
Departures 05/06,Edson,,Tottenham U21,-
Arrivals 04/05,Andy Reid,,Nottm Forest,£7.20m
Arrivals 04/05,Michael Dawson,,Nottm Forest,£6.30m
Arrivals 04/05,Sean Davis,,Fulham,£4.68m
Arrivals 04/05,Thimothée Atouba,,FC Basel,£4.05m
Arrivals 04/05,Michael Carrick,,West Ham,£3.69m
Arrivals 04/05,Pedro Mendes,,FC Porto,£2.70m
Arrivals 04/05,Paul Robinson,,Leeds,£2.70m
Arrivals 04/05,Noé Pamarot,,OGC Nice,£2.16m
Arrivals 04/05,Mido,,AS Roma,Loan fee:£1.80m
Arrivals 04/05,Erik Edman,,Heerenveen,£1.80m
Arrivals 04/05,Calum Davenport,,Coventry,£1.62m
Arrivals 04/05,Reto Ziegler,,Grasshoppers,£900Th.
Arrivals 04/05,Noureddine Naybet,,Dep. La Coruña,£900Th.
Arrivals 04/05,Mounir El Hamdaoui,,Excelsior,£675Th.
Arrivals 04/05,Márton Fülöp,,MTK Budapest,£675Th.
Arrivals 04/05,Radek Cerny,,Slavia Prague,Loan fee:£360Th.
Arrivals 04/05,Leigh Mills,,Swindon U18,£203Th.
Arrivals 04/05,Edson,,PSV Eindhoven,free transfer
Arrivals 04/05,Spase Dilevski,,PSV Eindhoven,free transfer
Arrivals 04/05,David Limbersky,,Viktoria Plzen,loan transfer
Arrivals 04/05,Lee Barnard,,Leyton Orient,End of loan
Arrivals 04/05,Dean Marney,,Gillingham FC,End of loan
Arrivals 04/05,Kasey Keller,,Southampton,End of loan
Arrivals 04/05,Rob Burch,,West Ham,End of loan
Arrivals 04/05,Rohan Ricketts,,Coventry,End of loan
Arrivals 04/05,Calum Davenport,,West Ham,End of loan
Arrivals 04/05,Rob Burch,,Stevenage,End of loan
Arrivals 04/05,Mark Yeates,,Swindon Town,End of loan
Arrivals 04/05,Philip Ifil,,Spurs U18,-
Arrivals 04/05,Johnnie Jackson,,Watford,End of loan
Arrivals 04/05,Lee Barnard,,Northampton,End of loan
Arrivals 04/05,Rob Burch,,Stevenage,End of loan
Arrivals 04/05,Márton Fülöp,,Chesterfield FC,End of loan
Arrivals 04/05,Calum Davenport,,Southampton,End of loan
Departures 04/05,Hélder Postiga,,FC Porto,£6.75m
Departures 04/05,Stephen Carr,,Newcastle,£2.70m
Departures 04/05,Calum Davenport,,West Ham,loan transfer
Departures 04/05,Gary Doherty,,Norwich,free transfer
Departures 04/05,David Galbraith,,Northampton,free transfer
Departures 04/05,Lars Hirschfeld,,Dundee United,free transfer
Departures 04/05,Mark Yeates,,Swindon Town,loan transfer
Departures 04/05,Rob Burch,,Stevenage,loan transfer
Departures 04/05,Ben Bowditch,,Colchester Utd.,free transfer
Departures 04/05,Sergiy Rebrov,,West Ham,free transfer
Departures 04/05,Danny Foster,,Dag & Red FC,free transfer
Departures 04/05,Rohan Ricketts,,Coventry,loan transfer
Departures 04/05,Kasey Keller,,Southampton,loan transfer
Departures 04/05,Mauricio Taricco,,West Ham,free transfer
Departures 04/05,Lee Barnard,,Leyton Orient,loan transfer
Departures 04/05,Dean Marney,,Gillingham FC,loan transfer
Departures 04/05,Rob Burch,,West Ham,loan transfer
Departures 04/05,Johnnie Jackson,,Watford,loan transfer
Departures 04/05,Calum Davenport,,Southampton,loan transfer
Departures 04/05,Milenko Acimovic,,LOSC Lille,free transfer
Departures 04/05,Darren Anderton,,Birmingham,free transfer
Departures 04/05,Christian Ziege,,Bor. M'gladbach,free transfer
Departures 04/05,Lee Barnard,,Northampton,loan transfer
Departures 04/05,Márton Fülöp,,Chesterfield FC,loan transfer
Departures 04/05,Rohan Ricketts,,Wolves,free transfer
Departures 04/05,Rob Burch,,Stevenage,loan transfer
Departures 04/05,Edson,,ADO Den Haag,loan transfer
Departures 04/05,Kasey Keller,,Bor. M'gladbach,free transfer
Departures 04/05,Mbulelo Mabizela,,Vålerenga,free transfer
Departures 04/05,Jamie Redknapp,,Southampton,free transfer
Departures 04/05,Gustavo Poyet,,Retired,-
Departures 04/05,David Limbersky,,Viktoria Plzen,End of loan
Departures 04/05,Dean Richards,,Retired,-
Arrivals 03/04,Jermain Defoe,,West Ham,£9.45m
Arrivals 03/04,Hélder Postiga,,FC Porto,£8.10m
Arrivals 03/04,Frédéric Kanouté,,West Ham,£4.73m
Arrivals 03/04,Mbulelo Mabizela,,Orlando Pirates,£2.07m
Arrivals 03/04,Bobby Zamora,,Brighton,£1.80m
Arrivals 03/04,Michael Brown,,Sheff Utd,£630Th.
Arrivals 03/04,Paul Konchesky,,Charlton,loan transfer
Arrivals 03/04,Stéphane Dalmat,,Inter,loan transfer
Arrivals 03/04,Lee Barnard,,Stevenage,End of loan
Arrivals 03/04,David Galbraith,,Spurs U18,-
Arrivals 03/04,Lars Hirschfeld,,Gillingham FC,End of loan
Arrivals 03/04,Dean Marney,,QPR,End of loan
Arrivals 03/04,Mark Yeates,,Spurs U18,-
Arrivals 03/04,Ben Bowditch,,Spurs U18,-
Arrivals 03/04,Mark Yeates,,Brighton,End of loan
Arrivals 03/04,Stephen Kelly,,Watford,End of loan
Arrivals 03/04,Johnnie Jackson,,Coventry,End of loan
Departures 03/04,Jonathan Blondel,,Club Brugge,£1.08m
Departures 03/04,Ben Thatcher,,Leicester,£405Th.
Departures 03/04,Chris Perry,,Charlton,£90Th.
Departures 03/04,Dean Marney,,QPR,loan transfer
Departures 03/04,Johnnie Jackson,,Coventry,loan transfer
Departures 03/04,Mark Yeates,,Brighton,loan transfer
Departures 03/04,Stephen Kelly,,Watford,loan transfer
Departures 03/04,John Sutton,,Raith Rovers,free transfer
Departures 03/04,Neil Sullivan,,Chelsea,free transfer
Departures 03/04,Steffen Iversen,,Wolves,free transfer
Departures 03/04,Alton Thelwell,,Hull City,free transfer
Departures 03/04,Steffen Freund,,1.FC K'lautern,free transfer
Departures 03/04,Teddy Sheringham,,Portsmouth,free transfer
Departures 03/04,Lee Barnard,,Stevenage,loan transfer
Departures 03/04,Lars Hirschfeld,,Gillingham FC,loan transfer
Departures 03/04,Bobby Zamora,,West Ham,free transfer
Departures 03/04,Steven Ferguson,,Woking FC,?
Departures 03/04,Matthew Etherington,,West Ham,?
Departures 03/04,Milenko Acimovic,,LOSC Lille,loan transfer
Departures 03/04,Paul Konchesky,,Charlton,End of loan
Arrivals 02/03,Robbie Keane,,Leeds,£9.45m
Arrivals 02/03,Lars Hirschfeld,,Calgary Storm,free transfer
Arrivals 02/03,Diego Bortolozzo,,Treviso,free transfer
Arrivals 02/03,Rohan Ricketts,,Arsenal,free transfer
Arrivals 02/03,Jamie Redknapp,,Liverpool,free transfer
Arrivals 02/03,Jonathan Blondel,,Exc. Mouscron,free transfer
Arrivals 02/03,Milenko Acimovic,,Red Star,free transfer
Arrivals 02/03,Kazuyuki Toda,,Shimizu S-Pulse,loan transfer
Arrivals 02/03,Gavin Kelly,,Kettering Town,End of loan
Arrivals 02/03,Dean Marney,,Swindon Town,End of loan
Arrivals 02/03,Stephen Kelly,,QPR,End of loan
Arrivals 02/03,Johnnie Jackson,,Colchester Utd.,End of loan
Arrivals 02/03,Rob Burch,,Woking FC,End of loan
Arrivals 02/03,Dean Marney,,Spurs U18,-
Arrivals 02/03,Stephen Kelly,,Spurs U18,-
Arrivals 02/03,Lars Hirschfeld,,Luton,End of loan
Arrivals 02/03,John Sutton,,Spurs U18,-
Arrivals 02/03,Lee Barnard,,Spurs U18,-
Arrivals 02/03,Stephen Kelly,,Southend United,End of loan
Arrivals 02/03,John Sutton,,Carlisle United,End of loan
Arrivals 02/03,John Sutton,,Swindon Town,End of loan
Arrivals 02/03,Lee Barnard,,Exeter City,End of loan
Arrivals 02/03,Johnnie Jackson,,Swindon Town,End of loan
Departures 02/03,Stephen Clemence,,Birmingham,£1.22m
Departures 02/03,Dean Marney,,Swindon Town,loan transfer
Departures 02/03,Sergiy Rebrov,,Fenerbahce,loan transfer
Departures 02/03,John Sutton,,Swindon Town,loan transfer
Departures 02/03,Lee Barnard,,Exeter City,loan transfer
Departures 02/03,Gavin Kelly,,Kettering Town,loan transfer
Departures 02/03,John Sutton,,Carlisle United,loan transfer
Departures 02/03,John Piercy,,Brighton,free transfer
Departures 02/03,Johnnie Jackson,,Swindon Town,loan transfer
Departures 02/03,Chris Armstrong,,Bolton,free transfer
Departures 02/03,Öyvind Leonhardsen,,Aston Villa,free transfer
Departures 02/03,Stephen Kelly,,QPR,loan transfer
Departures 02/03,Johnnie Jackson,,Colchester Utd.,loan transfer
Departures 02/03,Rob Burch,,Woking FC,loan transfer
Departures 02/03,Lars Hirschfeld,,Luton,loan transfer
Departures 02/03,Stephen Kelly,,Southend United,loan transfer
Departures 02/03,Les Ferdinand,,West Ham,free transfer
Departures 02/03,Tim Sherwood,,Portsmouth,free transfer
Departures 02/03,Diego Bortolozzo,,Boussu Dour,free transfer
Departures 02/03,Yannick Kamanan,,R. Strasbourg,?
Departures 02/03,Willem Korsten,,Retired,-
Arrivals 01/02,Dean Richards,,Southampton,£10.94m
Arrivals 01/02,Christian Ziege,,Liverpool,£5.85m
Arrivals 01/02,Goran Bunjevcevic,,Red Star,£5.40m
Arrivals 01/02,Gustavo Poyet,,Chelsea,£3.06m
Arrivals 01/02,Teddy Sheringham,,Man Utd,free transfer
Arrivals 01/02,Kasey Keller,,Rayo Vallecano,free transfer
Arrivals 01/02,Dave Beasant,,Portsmouth,free transfer
Arrivals 01/02,Rob Burch,,Spurs U18,-
Arrivals 01/02,Danny Foster,,Spurs U18,-
Arrivals 01/02,Matthew Etherington,,Bradford,End of loan
Departures 01/02,Luke Young,,Charlton,£5.40m
Departures 01/02,Ian Walker,,Leicester,£3.38m
Departures 01/02,Dave Beasant,,Portsmouth,free transfer
Departures 01/02,Sol Campbell,,Arsenal,free transfer
Departures 01/02,Neale Fenn,,Peterborough,free transfer
Departures 01/02,Matthew Etherington,,Bradford,loan transfer
Departures 01/02,Dave McEwen,,QPR,?
Departures 01/02,Luca Digiulioantonio,,Brescello,?
Departures 01/02,Hans Segers,,Retired,-
Arrivals 00/01,Sergiy Rebrov,,Dynamo Kyiv,£16.20m
Arrivals 00/01,Ben Thatcher,,Wimbledon FC,£6.79m
Arrivals 00/01,Steven Ferguson,,East Fife,£180Th.
Arrivals 00/01,Neil Sullivan,,Wimbledon FC,free transfer
Arrivals 00/01,Andy Booth,,Sheff Wed,loan transfer
Arrivals 00/01,Johnnie Jackson,,Spurs U18,-
Arrivals 00/01,Alton Thelwell,,IFK Hässleholm,End of loan
Departures 00/01,Espen Baardsen,,Watford,£1.80m
Departures 00/01,José Dominguez,,1.FC K'lautern,£288Th.
Departures 00/01,Peter Crouch,,QPR,£77Th.
Departures 00/01,John Scales,,Ipswich,free transfer
Departures 00/01,Alton Thelwell,,IFK Hässleholm,loan transfer
Departures 00/01,Allan Nielsen,,Watford,free transfer
Departures 00/01,David Lee,,Southend United,free transfer
Departures 00/01,Mark Gower,,Barnet,£45Th.
Departures 00/01,David Ginola,,Aston Villa,?
Departures 00/01,Justin Edinburgh,,Portsmouth,?
Departures 00/01,Ruel Fox,,West Brom,?
Departures 00/01,Andy Booth,,Sheff Wed,End of loan
Arrivals 99/00,Chris Perry,,Wimbledon FC,£5.40m
Arrivals 99/00,Öyvind Leonhardsen,,Liverpool,£4.05m
Arrivals 99/00,Willem Korsten,,Vitesse,£1.53m
Arrivals 99/00,Anthony Gardner,,Port Vale,£1.35m
Arrivals 99/00,Gary Doherty,,Luton,£1.35m
Arrivals 99/00,Simon Davies,,Peterborough,£945Th.
Arrivals 99/00,Matthew Etherington,,Peterborough,£675Th.
Arrivals 99/00,Dave McEwen,,Dulwich Hamlet FC,?
Arrivals 99/00,Yannick Kamanan,,Le Mans UC 72,?
Arrivals 99/00,John Piercy,,Unknown,?
Arrivals 99/00,Peter Crouch,,Dulwich Hamlet FC,End of loan
Arrivals 99/00,Peter Crouch,,IFK Hässleholm,End of loan
Arrivals 99/00,Allan Nielsen,,Wolves,End of loan
Arrivals 99/00,David Lee,,Spurs U18,-
Departures 99/00,Rory Allen,,Portsmouth,£1.35m
Departures 99/00,Justin Edinburgh,,Portsmouth,Loan fee:£180Th.
Departures 99/00,Paul McVeigh,,Norwich,£90Th.
Departures 99/00,Peter Crouch,,Dulwich Hamlet FC,loan transfer
Departures 99/00,Peter Crouch,,IFK Hässleholm,loan transfer
Departures 99/00,Ian Stonebridge,,Plymouth,free transfer
Departures 99/00,Simon Brown,,Colchester Utd.,free transfer
Departures 99/00,Alan Marriott,,Lincoln City,free transfer
Departures 99/00,Clive Wilson,,Cambridge Utd.,free transfer
Departures 99/00,Andy Sinton,,Wolves,free transfer
Departures 99/00,Paolo Tramezzani,,Pistoiese,?
Departures 99/00,Moussa Saïb,,Al-Nasr,?
Departures 99/00,Allan Nielsen,,Wolves,loan transfer
Departures 99/00,Roger Nilsen,,Grazer AK,?
Departures 99/00,Simon Webb,,Leyton Orient,?
Departures 99/00,Ramon Vega,,Celtic,?
Arrivals 98/99,Tim Sherwood,,Blackburn,£5.40m
Arrivals 98/99,Mauricio Taricco,,Ipswich,£2.39m
Arrivals 98/99,Steffen Freund,,Bor. Dortmund,£1.01m
Arrivals 98/99,Hans Segers,,Wolves,free transfer
Arrivals 98/99,Roger Nilsen,,Sheff Utd,?
Arrivals 98/99,Paolo Tramezzani,,Piacenza,?
Arrivals 98/99,Peter Gain,,Lincoln City,End of loan
Arrivals 98/99,Neale Fenn,,Lincoln City,End of loan
Arrivals 98/99,Mark Gower,,Motherwell FC,End of loan
Arrivals 98/99,Ledley King,,Spurs U18,-
Arrivals 98/99,Ian Stonebridge,,Spurs U18,-
Arrivals 98/99,Alan Marriott,,Spurs U18,-
Arrivals 98/99,Peter Crouch,,Spurs U18,-
Arrivals 98/99,Alton Thelwell,,Spurs U18,-
Arrivals 98/99,Simon Brown,,Kingstonian FC,End of loan
Arrivals 98/99,Neale Fenn,,Swindon Town,End of loan
Departures 98/99,Garry Brady,,Newcastle,£878Th.
Departures 98/99,Colin Calderwood,,Aston Villa,£297Th.
Departures 98/99,Nicola Berti,,Alavés,£180Th.
Departures 98/99,Frode Grodas,,FC Schalke 04,£135Th.
Departures 98/99,Mark Arber,,Barnet,£108Th.
Departures 98/99,Neale Fenn,,Lincoln City,loan transfer
Departures 98/99,Peter Gain,,Lincoln City,loan transfer
Departures 98/99,Mark Gower,,Motherwell FC,loan transfer
Departures 98/99,Simon Brown,,Kingstonian FC,loan transfer
Departures 98/99,Neale Fenn,,Swindon Town,loan transfer
Departures 98/99,Peter Gain,,Lincoln City,£23Th.
Departures 98/99,Dean Austin,,Crystal Palace,?
Departures 98/99,David Howells,,Southampton,?
Departures 98/99,Jürgen Klinsmann,,Career break,-
Arrivals 97/98,Les Ferdinand,,Newcastle,£8.55m
Arrivals 97/98,David Ginola,,Newcastle,£2.57m
Arrivals 97/98,Moussa Saïb,,Valencia,£2.34m
Arrivals 97/98,José Dominguez,,Sporting CP,£2.16m
Arrivals 97/98,Frode Grodas,,Chelsea,£315Th.
Arrivals 97/98,Jürgen Klinsmann,,Sampdoria,free transfer
Arrivals 97/98,Nicola Berti,,Inter,?
Arrivals 97/98,Neale Fenn,,Leyton Orient,End of loan
Arrivals 97/98,Danny Hill,,Cardiff,End of loan
Arrivals 97/98,Neale Fenn,,Norwich,End of loan
Arrivals 97/98,Stephen Clemence,,Spurs U18,-
Arrivals 97/98,Luke Young,,Spurs U18,-
Arrivals 97/98,Peter Gain,,Spurs U18,-
Arrivals 97/98,David Kerslake,,Charlton,End of loan
Departures 97/98,Teddy Sheringham,,Man Utd,£4.77m
Departures 97/98,Jamie Clapham,,Ipswich,£405Th.
Departures 97/98,Stuart Nethercott,,Millwall,free transfer
Departures 97/98,Kevin Maher,,Southend United,free transfer
Departures 97/98,Neale Fenn,,Leyton Orient,loan transfer
Departures 97/98,Danny Hill,,Cardiff,loan transfer
Departures 97/98,Neale Fenn,,Norwich,loan transfer
Departures 97/98,Paul Mahorn,,Port Vale,free transfer
Departures 97/98,Danny Hill,,Oxford United,free transfer
Departures 97/98,Ronny Rosenthal,,Watford,free transfer
Departures 97/98,David Kerslake,,Ipswich,free transfer
Departures 97/98,David Kerslake,,Charlton,loan transfer
Departures 97/98,Rory Allen,,Luton,loan transfer
Departures 97/98,Jason Dozzell,,Unknown,?
Departures 97/98,Gary Mabbutt,,Retired,-
Arrivals 96/97,Steffen Iversen,,Rosenborg,£2.93m
Arrivals 96/97,John Scales,,Liverpool,£2.70m
Arrivals 96/97,Allan Nielsen,,Bröndby IF,£1.80m
Arrivals 96/97,Ramon Vega,,Cagliari Calcio,?
Arrivals 96/97,Espen Baardsen,,San Francisco United Soccer Club,?
Arrivals 96/97,David Kerslake,,Swindon Town,End of loan
Arrivals 96/97,Kevin Scott,,Charlton,End of loan
Arrivals 96/97,Jamie Clapham,,Leyton Orient,End of loan
Arrivals 96/97,Kevin Scott,,Norwich,End of loan
Arrivals 96/97,Jamie Clapham,,Bristol Rovers,End of loan
Arrivals 96/97,Simon Brown,,Spurs U18,-
Arrivals 96/97,Mark Arber,,Spurs U18,-
Arrivals 96/97,Paul McVeigh,,Spurs U18,-
Arrivals 96/97,Mark Gower,,Spurs U18,-
Arrivals 96/97,Simon Webb,,Spurs U18,-
Departures 96/97,Steve Slade,,QPR,£392Th.
Departures 96/97,Kevin Scott,,Norwich,£315Th.
Departures 96/97,Chris Day,,Crystal Palace,£315Th.
Departures 96/97,Andy Turner,,Portsmouth,£282Th.
Departures 96/97,Jamie Clapham,,Leyton Orient,loan transfer
Departures 96/97,Jamie Clapham,,Bristol Rovers,loan transfer
Departures 96/97,David Kerslake,,Swindon Town,loan transfer
Departures 96/97,Kevin Scott,,Norwich,loan transfer
Departures 96/97,Owen Coll,,Bournemouth,?
Departures 96/97,Gerry McMahon,,Stoke City,?
Departures 96/97,Kevin Scott,,Charlton,loan transfer
Departures 96/97,Erik Thorstvedt,,Retired,-
Arrivals 95/96,Chris Armstrong,,Crystal Palace,£6.12m
Arrivals 95/96,Ruel Fox,,Newcastle,£4.28m
Arrivals 95/96,Andy Sinton,,Sheff Wed,£1.64m
Arrivals 95/96,Clive Wilson,,QPR,free transfer
Arrivals 95/96,Owen Coll,,Yeovil Town,?
Arrivals 95/96,Rory Allen,,Unknown,?
Arrivals 95/96,Mark Newson,,Barnet,loan transfer
Arrivals 95/96,Ian Sampson,,Northampton,loan transfer
Arrivals 95/96,Danny Hill,,Birmingham,End of loan
Arrivals 95/96,Andy Turner,,Huddersfield,End of loan
Arrivals 95/96,Paul Mahorn,,Burnley,End of loan
Arrivals 95/96,Danny Hill,,Watford,End of loan
Arrivals 95/96,Andy Turner,,Southend United,End of loan
Arrivals 95/96,Kevin Maher,,Spurs U18,-
Arrivals 95/96,Neale Fenn,,Spurs U18,-
Arrivals 95/96,John Hendry,,Swansea,End of loan
Departures 95/96,Nick Barmby,,Middlesbrough,£6.75m
Departures 95/96,Gheorghe Popescu,,FC Barcelona,£2.52m
Departures 95/96,Ilie Dumitrescu,,West Ham,£1.35m
Departures 95/96,Jürgen Klinsmann,,FC Bayern ,£1.26m
Departures 95/96,John Hendry,,Motherwell FC,£270Th.
Departures 95/96,Danny Hill,,Watford,loan transfer
Departures 95/96,Paul Mahorn,,Burnley,loan transfer
Departures 95/96,Andy Turner,,Southend United,loan transfer
Departures 95/96,Danny Hill,,Birmingham,loan transfer
Departures 95/96,Andy Turner,,Huddersfield,loan transfer
Departures 95/96,Owen Coll,,Yeovil Town,loan transfer
Departures 95/96,Micky Hazard,,Retired,-
Departures 95/96,Alan Pardew,,Charlton,End of loan
Departures 95/96,Mark Newson,,Barnet,End of loan
Departures 95/96,Ian Sampson,,Northampton,End of loan
Departures 95/96,David Byrne,,St. Mirren,End of loan
Arrivals 94/95,Ilie Dumitrescu,,Steaua Bukarest,£3.33m
Arrivals 94/95,Gheorghe Popescu,,PSV Eindhoven,£2.61m
Arrivals 94/95,Jürgen Klinsmann,,Monaco,£2.48m
Arrivals 94/95,Gerry McMahon,,Barnet,End of loan
Arrivals 94/95,Owen Coll,,Enfield FC,?
Arrivals 94/95,Kevin Scott,,Port Vale,End of loan
Arrivals 94/95,Gerry McMahon,,Tottenham U21,-
Arrivals 94/95,Jamie Clapham,,Spurs U18,-
Arrivals 94/95,Steve Slade,,Tottenham U21,-
Arrivals 94/95,Andy Turner,,Wycombe,End of loan
Arrivals 94/95,Gudni Bergsson,,Valur,End of loan
Arrivals 94/95,Andy Turner,,Doncaster,End of loan
Departures 94/95,Gudni Bergsson,,Bolton,£86Th.
Departures 94/95,Ilie Dumitrescu,,Sevilla FC,loan transfer
Departures 94/95,Lee Hodges,,Barnet,free transfer
Departures 94/95,Neil Young,,Bournemouth,free transfer
Departures 94/95,Andy Quy,,Derby,free transfer
Departures 94/95,Andy Turner,,Wycombe,loan transfer
Departures 94/95,Steve Robinson,,Bournemouth,free transfer
Departures 94/95,Andy Turner,,Doncaster,loan transfer
Departures 94/95,Kevin Scott,,Port Vale,loan transfer
Departures 94/95,Vinny Samways,,Everton,?
Departures 94/95,Paul Moran,,Peterborough,?
Departures 94/95,Jeff Minton,,Brighton,?
Departures 94/95,Peter Beadle,,Watford,?
Departures 94/95,John Hendry,,Swansea,loan transfer
Departures 94/95,Gerry McMahon,,Barnet,loan transfer
Arrivals 93/94,Jason Dozzell,,Ipswich,£2.16m
Arrivals 93/94,Kevin Scott,,Newcastle,£990Th.
Arrivals 93/94,David Kerslake,,Leeds,£507Th.
Arrivals 93/94,Ronny Rosenthal,,Liverpool,£270Th.
Arrivals 93/94,Micky Hazard,,Swindon Town,£50Th.
Arrivals 93/94,Colin Calderwood,,Swindon Town,?
Arrivals 93/94,Garry Brady,,Celtic Boys Club,?
Arrivals 93/94,Lee Hodges,,Wycombe,End of loan
Arrivals 93/94,Chris Day,,Spurs U18,-
Arrivals 93/94,Steve Robinson,,Leyton Orient,End of loan
Arrivals 93/94,Paul Mahorn,,Fulham,End of loan
Arrivals 93/94,Peter Beadle,,Southend United,End of loan
Arrivals 93/94,Stephen Carr,,Spurs U18,-
Arrivals 93/94,Andy Quy,,Spurs U18,-
Arrivals 93/94,Ijah Anderson,,Spurs U18,-
Departures 93/94,Neil Ruddock,,Liverpool,£2.70m
Departures 93/94,Gordon Durie,,Rangers,£1.62m
Departures 93/94,Steve Sedgley,,Ipswich,£1.13m
Departures 93/94,Paul Allen,,Southampton,£594Th.
Departures 93/94,Ian Hendon,,Leyton Orient,£59Th.
Departures 93/94,Lee Hodges,,Wycombe,loan transfer
Departures 93/94,Steve Robinson,,Leyton Orient,loan transfer
Departures 93/94,Paul Mahorn,,Fulham,loan transfer
Departures 93/94,Pat van den Hauwe,,Millwall,free transfer
Departures 93/94,Ijah Anderson,,Southend United,free transfer
Departures 93/94,David McDonald,,Peterborough,free transfer
Departures 93/94,Kevin Watson,,Brentford,free transfer
Departures 93/94,Peter Beadle,,Southend United,loan transfer
Departures 93/94,Nayim,,Real Zaragoza,?
Departures 93/94,Dave Tuttle,,Sheff Utd,?
Departures 93/94,Terry Fenwick,,Swindon Town,?
Departures 93/94,Gudni Bergsson,,Valur,loan transfer
Departures 93/94,Andy Gray,,Atl. Marbella,?
Arrivals 92/93,Teddy Sheringham,,Nottm Forest,£2.84m
Arrivals 92/93,Darren Anderton,,Portsmouth,£2.43m
Arrivals 92/93,Neil Ruddock,,Southampton,£765Th.
Arrivals 92/93,Dean Austin,,Southend United,?
Arrivals 92/93,David McDonald,,Reading,End of loan
Arrivals 92/93,David McDonald,,Bradford,End of loan
Arrivals 92/93,Ian Hendon,,Barnsley FC,End of loan
Arrivals 92/93,Dave Tuttle,,Peterborough,End of loan
Arrivals 92/93,Andy Gray,,Swindon Town,End of loan
Arrivals 92/93,Peter Beadle,,Bournemouth,End of loan
Arrivals 92/93,Lee Hodges,,Plymouth,End of loan
Arrivals 92/93,Sol Campbell,,Spurs U18,-
Arrivals 92/93,Steve Robinson,,Spurs U18,-
Arrivals 92/93,Kevin Watson,,Spurs U18,-
Arrivals 92/93,Danny Hill,,Spurs U18,-
Departures 92/93,Paul Gascoigne,,Lazio,£6.66m
Departures 92/93,Paul Stewart,,Liverpool,£2.48m
Departures 92/93,Paul Walsh,,Portsmouth,£405Th.
Departures 92/93,Lee Hodges,,Plymouth,loan transfer
Departures 92/93,Ian Hendon,,Barnsley FC,loan transfer
Departures 92/93,David McDonald,,Reading,loan transfer
Departures 92/93,Peter Beadle,,Bournemouth,loan transfer
Departures 92/93,Gary Lineker,,Nagoya Grampus,free transfer
Departures 92/93,Mark Robson,,West Ham,free transfer
Departures 92/93,Andy Gray,,Swindon Town,loan transfer
Departures 92/93,Dave Tuttle,,Peterborough,loan transfer
Departures 92/93,John Hendry,,Charlton,loan transfer
Departures 92/93,Ian Gilzean,,Doncaster,?
Departures 92/93,David McDonald,,Bradford,?
Arrivals 91/92,Gordon Durie,,Chelsea,£2.97m
Arrivals 91/92,Andy Gray,,Crystal Palace,£788Th.
Arrivals 91/92,Peter Beadle,,Gillingham FC,£330Th.
Arrivals 91/92,Andy Gray,,Crystal Palace,loan transfer
Arrivals 91/92,Terry Fenwick,,Leicester,?
Arrivals 91/92,Brian Statham,,Bournemouth,End of loan
Arrivals 91/92,Ian Hendon,,Portsmouth,End of loan
Arrivals 91/92,Brian Statham,,Brentford,End of loan
Arrivals 91/92,Andy Turner,,Spurs U18,-
Arrivals 91/92,Ian Hendon,,Leyton Orient,End of loan
Arrivals 91/92,Mark Robson,,Exeter City,End of loan
Arrivals 91/92,Lee Hodges,,Spurs U18,-
Arrivals 91/92,Nick Barmby,,Spurs U18,-
Arrivals 91/92,Neil Young,,Spurs U18,-
Departures 91/92,Mitchell Thomas,,West Ham,£570Th.
Departures 91/92,Phil Gray,,Luton,£540Th.
Departures 91/92,John Moncur,,Ipswich,£221Th.
Departures 91/92,Brian Statham,,Brentford,£75Th.
Departures 91/92,Ian Hendon,,Portsmouth,loan transfer
Departures 91/92,Mark Robson,,Exeter City,loan transfer
Departures 91/92,Ian Hendon,,Leyton Orient,loan transfer
Departures 91/92,Brian Statham,,Brentford,loan transfer
Departures 91/92,Neil Smith,,Gillingham FC,?
Departures 91/92,Matthew Edwards,,Peterborough,?
Departures 91/92,Brian Statham,,Bournemouth,loan transfer
Departures 91/92,Andy Gray,,Crystal Palace,End of loan
Arrivals 90/91,John Hendry,,Dundee FC,£68Th.
Arrivals 90/91,Justin Edinburgh,,Southend United,?
Arrivals 90/91,David McDonald,,Gillingham FC,End of loan
Arrivals 90/91,Brian Statham,,Reading,End of loan
Arrivals 90/91,Ian Walker,,Oxford United,End of loan
Arrivals 90/91,Ian Walker,,Ipswich,End of loan
Arrivals 90/91,Phil Gray,,Fulham,End of loan
Departures 90/91,Guy Butters,,Portsmouth,£495Th.
Departures 90/91,John Polston,,Norwich,£284Th.
Departures 90/91,Bobby Mimms,,Blackburn,£261Th.
Departures 90/91,Chris Hughton,,West Ham,free transfer
Departures 90/91,Ian Walker,,Oxford United,loan transfer
Departures 90/91,Ian Walker,,Ipswich,loan transfer
Departures 90/91,Terry Fenwick,,Leicester,?
Departures 90/91,Brian Statham,,Reading,loan transfer
Departures 90/91,Matthew Edwards,,Reading,loan transfer
Departures 90/91,David McDonald,,Gillingham FC,?
Departures 90/91,Phil Gray,,Fulham,loan transfer
Arrivals 89/90,Steve Sedgley,,Coventry,£844Th.
Arrivals 89/90,Pat van den Hauwe,,Everton,£684Th.
Arrivals 89/90,Justin Edinburgh,,Southend United,Loan fee:£153Th.
Arrivals 89/90,Mark Robson,,Watford,loan transfer
Arrivals 89/90,John Moncur,,Brentford,?
Arrivals 89/90,Dave Tuttle,,Unknown,?
Arrivals 89/90,Gary Lineker,,FC Barcelona,?
Arrivals 89/90,Phil Gray,,Barnsley FC,End of loan
Arrivals 89/90,Guy Butters,,Southend United,End of loan
Arrivals 89/90,Mark Robson,,Plymouth,End of loan
Arrivals 89/90,Ian Walker,,Spurs U18,-
Arrivals 89/90,Ian Hendon,,Spurs U18,-
Arrivals 89/90,Matthew Edwards,,Spurs U18,-
Departures 89/90,Chris Waddle,,Marseille,£4.86m
Departures 89/90,Mark Stimson,,Newcastle,£207Th.
Departures 89/90,Guy Butters,,Southend United,loan transfer
Departures 89/90,Mark Robson,,Plymouth,loan transfer
Departures 89/90,Phil Gray,,Barnsley FC,loan transfer
Departures 89/90,Chris Fairclough,,Leeds,?
Departures 89/90,Tommy Fitzgerald,,Shelbourne,?
Departures 89/90,Gary Stevens,,Portsmouth,?
Departures 89/90,Mark Robson,,Watford,End of loan
Arrivals 88/89,Paul Gascoigne,,Newcastle,£4.68m
Arrivals 88/89,Paul Stewart,,Man City,£1.80m
Arrivals 88/89,Gudni Bergsson,,Valur,£135Th.
Arrivals 88/89,Erik Thorstvedt,,IFK Göteborg,?
Arrivals 88/89,David McDonald,,Unknown,?
Arrivals 88/89,Nayim,,FC Barcelona,?
Arrivals 88/89,Mark Stimson,,Gillingham FC,End of loan
Arrivals 88/89,Guy Butters,,Spurs U18,-
Arrivals 88/89,Martin McIntosh,,Spurs U18,-
Arrivals 88/89,Ian Gilzean,,Spurs U18,-
Departures 88/89,Nico Claesen,,Royal Antwerp,£765Th.
Departures 88/89,Steve Hodge,,Nottm Forest,£563Th.
Departures 88/89,Neil Ruddock,,Millwall,£324Th.
Departures 88/89,John Metgod,,Feyenoord,£286Th.
Departures 88/89,Martin McIntosh,,St. Mirren,free transfer
Departures 88/89,John Chiedozie,,Derby,free transfer
Departures 88/89,Chris Fairclough,,Leeds,loan transfer
Departures 88/89,Tony Parks,,Brentford,?
Departures 88/89,Tim O'Shea,,Leyton Orient,?
Departures 88/89,Eddie Gormley,,Chesterfield FC,?
Departures 88/89,Mark Stimson,,Gillingham FC,loan transfer
Departures 88/89,Danny Thomas,,Retired,-
Arrivals 87/88,Paul Walsh,,Liverpool,£518Th.
Arrivals 87/88,Bobby Mimms,,Everton,£344Th.
Arrivals 87/88,Mark Robson,,Exeter City,£56Th.
Arrivals 87/88,Terry Fenwick,,QPR,?
Arrivals 87/88,Mark Stimson,,Leyton Orient,End of loan
Arrivals 87/88,John Metgod,,Nottm Forest,?
Arrivals 87/88,Chris Fairclough,,Nottm Forest,?
Arrivals 87/88,Eddie Gormley,,Bray Wanderers,?
Arrivals 87/88,Mark Robson,,Reading,End of loan
Arrivals 87/88,Brian Statham,,Spurs U18,-
Departures 87/88,Richard Gough,,Rangers,£2.25m
Departures 87/88,Clive Allen,,G. Bordeaux,£990Th.
Departures 87/88,Mark Bowen,,Norwich,£90Th.
Departures 87/88,Richard Cooke,,Bournemouth,£63Th.
Departures 87/88,Mark Robson,,Reading,loan transfer
Departures 87/88,Osvaldo Ardiles,,Blackburn,?
Departures 87/88,Mark Stimson,,Leyton Orient,loan transfer
Departures 87/88,Glenn Hoddle,,Monaco,?
Departures 87/88,Tony Galvin,,Sheff Wed,?
Departures 87/88,Paul Miller,,Charlton,?
Departures 87/88,Danny Maddix,,QPR,?
Departures 87/88,Ray Clemence,,Retired,-
Arrivals 86/87,Richard Gough,,Dundee United,£1.35m
Arrivals 86/87,Nico Claesen,,Standard Liège,£765Th.
Arrivals 86/87,Steve Hodge,,Aston Villa,£675Th.
Arrivals 86/87,Mitchell Thomas,,Luton,£253Th.
Arrivals 86/87,Neil Ruddock,,Millwall,£54Th.
Arrivals 86/87,Danny Maddix,,Southend United,End of loan
Arrivals 86/87,Richard Cooke,,Birmingham,End of loan
Departures 86/87,Graham Roberts,,Rangers,£495Th.
Departures 86/87,Ian Crook,,Norwich,£91Th.
Departures 86/87,Ally Dick,,Ajax,£31Th.
Departures 86/87,Steve Perryman,,Oxford United,?
Departures 86/87,Mark Falco,,Watford,?
Departures 86/87,Richard Cooke,,Birmingham,loan transfer
Departures 86/87,Danny Maddix,,Southend United,loan transfer
Arrivals 85/86,Chris Waddle,,Newcastle,£630Th.
Arrivals 85/86,Paul Allen,,West Ham,£432Th.
Arrivals 85/86,Pat Jennings,,Arsenal,free transfer
Arrivals 85/86,John Polston,,Spurs U18,-
Arrivals 85/86,Danny Maddix,,Spurs U18,-
Arrivals 85/86,Mark Stimson,,Spurs U18,-
Departures 85/86,Micky Hazard,,Chelsea,£315Th.
Departures 85/86,Ian Culverhouse,,Norwich,£57Th.
Departures 85/86,Pat Jennings,,Everton,?
Departures 85/86,Allan Cockram,,Unknown,?
Departures 85/86,Garth Crooks,,West Brom,?
Departures 85/86,Dave Leworthy,,Oxford United,?
Arrivals 84/85,Clive Allen,,QPR,£720Th.
Arrivals 84/85,John Chiedozie,,Notts County,£396Th.
Arrivals 84/85,Dave Leworthy,,Fareham Town,?
Arrivals 84/85,David Howells,,Tottenham Yth.,-
Arrivals 84/85,Osvaldo Ardiles,,St. George Saints,End of loan
Arrivals 84/85,Simon Webster,,Norwich,End of loan
Arrivals 84/85,Simon Webster,,Huddersfield,End of loan
Arrivals 84/85,Tim O'Shea,,Spurs U18,-
Departures 84/85,Steve Archibald,,FC Barcelona,£1.80m
Departures 84/85,Alan Brazil,,Man Utd,£621Th.
Departures 84/85,Gary O'Reilly,,Brighton,£72Th.
Departures 84/85,Simon Webster,,Norwich,loan transfer
Departures 84/85,Simon Webster,,Huddersfield,loan transfer
Departures 84/85,Simon Webster,,Huddersfield,£17Th.
Departures 84/85,Garry Brooke,,Norwich,?
Departures 84/85,Osvaldo Ardiles,,St. George Saints,loan transfer
Departures 84/85,Robert Brace,,Waterschei Thor,?
Arrivals 83/84,Danny Thomas,,Coventry,£270Th.
Arrivals 83/84,Gary Stevens,,Brighton,?
Arrivals 83/84,Alan Brazil,,Ipswich,?
Arrivals 83/84,Garth Crooks,,Man Utd,End of loan
Arrivals 83/84,Simon Webster,,Exeter City,End of loan
Arrivals 83/84,Richard Cooke,,Spurs U18,-
Arrivals 83/84,Mark Bowen,,Tottenham U21,-
Arrivals 83/84,Ian Culverhouse,,Spurs U18,-
Departures 83/84,Simon Webster,,Exeter City,loan transfer
Departures 83/84,Terry Gibson,,Coventry,?
Departures 83/84,John Lacy,,Crystal Palace,?
Departures 83/84,Ricky Villa,,FL Strikers,?
Departures 83/84,Giorgio Mazzon,,Aldershot FC,?
Departures 83/84,Garth Crooks,,Man Utd,loan transfer
Departures 83/84,Peter Southey,,Retired,-
Arrivals 82/83,Gary Mabbutt,,Bristol Rovers,?
Arrivals 82/83,Osvaldo Ardiles,,Paris SG,End of loan
Arrivals 82/83,Ally Dick,,Spurs U18,-
Arrivals 82/83,Robert Brace,,Spurs U18,-
Arrivals 82/83,Mark Falco,,Chelsea,End of loan
Departures 82/83,Chris Jones,,Man City,£110Th.
Departures 82/83,Gordon Smith,,Wolves,free transfer
Departures 82/83,Mark Falco,,Chelsea,loan transfer
Departures 82/83,Osvaldo Ardiles,,Paris SG,loan transfer
Departures 82/83,Milija Aleksic,,Barnet,?
Arrivals 81/82,Ray Clemence,,Liverpool,£306Th.
Arrivals 81/82,Allan Cockram,,Spurs U18,-
Departures 81/82,Terry Yorath,,Whitecaps,?
Departures 81/82,Barry Daines,,Unknown,?
Departures 81/82,Don McAllister,,Charlton,?
Arrivals 80/81,Steve Archibald,,Aberdeen FC,£1.13m
Arrivals 80/81,Garth Crooks,,Stoke City,£684Th.
Arrivals 80/81,Graham Roberts,,Weymouth FC,£36Th.
Arrivals 80/81,Terry Gibson,,GAIS,End of loan
Arrivals 80/81,Tony Parks,,Tottenham U21,-
Arrivals 80/81,Ian Crook,,Spurs U18,-
Arrivals 80/81,Gary O'Reilly,,Spurs U18,-
Arrivals 80/81,Garry Brooke,,GAIS,End of loan
Departures 80/81,Gerry Armstrong,,Watford,£270Th.
Departures 80/81,Jimmy Holmes,,Whitecaps,£104Th.
Departures 80/81,Terry Gibson,,GAIS,loan transfer
Departures 80/81,Peter Taylor,,Leyton Orient,?
Departures 80/81,Mark Kendall,,Newport County,?
Departures 80/81,Terry Naylor,,Charlton,?
Arrivals 79/80,Terry Yorath,,Coventry,£320Th.
Arrivals 79/80,Terry Gibson,,Unknown,?
Arrivals 79/80,Giorgio Mazzon,,Hertford Town,?
Arrivals 79/80,Peter Southey,,Spurs U18,-
Arrivals 79/80,Mike Dillon,,Spurs U18,-
Departures 79/80,Colin Lee,,Chelsea,£203Th.
Departures 79/80,Garry Brooke,,GAIS,loan transfer
Departures 79/80,John Pratt,,Timbers,?
Departures 79/80,John Duncan,,Derby,?
Departures 79/80,John Gorman,,TB Rowdies,?
Arrivals 78/79,John Lacy,,Fulham,£198Th.
Arrivals 78/79,Gordon Smith,,Aston Villa,£156Th.
Arrivals 78/79,Milija Aleksic,,Luton,£106Th.
Arrivals 78/79,Osvaldo Ardiles,,Huracán,?
Arrivals 78/79,Ricky Villa,,Racing Club,?
Arrivals 78/79,Mark Falco,,Tottenham U21,-
Arrivals 78/79,Garry Brooke,,Spurs U18,-
Departures 78/79,Neil McNab,,Bolton,£248Th.
Departures 78/79,Ralph Coates,,St. George Saints,free transfer
Departures 78/79,Mark Kendall,,Chesterfield FC,loan transfer
Departures 78/79,Ian Moores,,Leyton Orient,?
Departures 78/79,Micky Stead,,Southend United,?
Arrivals 77/78,Colin Lee,,Torquay United,£59Th.
Arrivals 77/78,Tony Galvin,,Unknown,?
Arrivals 77/78,Micky Hazard,,Spurs U18,-
Arrivals 77/78,Chris Hughton,,Tottenham U21,-
Arrivals 77/78,Don McAllister,,Diplomats,End of loan
Departures 77/78,Pat Jennings,,Arsenal,£45Th.
Departures 77/78,Steve Walford,,Arsenal,£27Th.
Departures 77/78,Terry Boyle,,Crystal Palace,?
Departures 77/78,Noel Brotherston,,Blackburn,?
Arrivals 76/77,Peter Taylor,,Crystal Palace,£429Th.
Arrivals 76/77,Jimmy Holmes,,Coventry,£126Th.
Arrivals 76/77,Ian Moores,,Stoke City,?
Arrivals 76/77,John Gorman,,Carlisle United,?
Arrivals 76/77,Paul Miller,,Tottenham U21,-
Arrivals 76/77,Mark Kendall,,Spurs U18,-
Departures 76/77,Keith Osgood,,Coventry,£140Th.
Departures 76/77,Martin Chivers,,Servette FC,£90Th.
Departures 76/77,Chris McGrath,,Man Utd,£41Th.
Departures 76/77,Willie Young,,Arsenal,?
Departures 76/77,Don McAllister,,Diplomats,loan transfer
Departures 76/77,Jimmy Neighbour,,Norwich,?
Departures 76/77,Alfie Conn,,Celtic,?
Arrivals 75/76,Gerry Armstrong,,Bangor,£27Th.
Arrivals 75/76,John Duncan,,Dundee FC,?
Arrivals 75/76,Willie Young,,Aberdeen FC,?
Arrivals 75/76,Chris McGrath,,Millwall,End of loan
Arrivals 75/76,Terry Boyle,,Spurs U18,-
Departures 75/76,Wayne Cegielski,,Stuttg. Kickers,?
Departures 75/76,Chris McGrath,,Millwall,loan transfer
Departures 75/76,Phil Beal,,Brighton,?
Departures 75/76,Mike Dillon,,NY Cosmos,?
Departures 75/76,Mike England,,Cardiff,?
Departures 75/76,Joe Kinnear,,Brighton,?
Departures 75/76,Cyril Knowles,,Retired,-
Arrivals 74/75,Don McAllister,,Bolton,£90Th.
Arrivals 74/75,Micky Stead,,Spurs U18,-
Departures 74/75,Martin Peters,,Norwich,£52Th.
Departures 74/75,John Margerrison,,Fulham,free transfer
Departures 74/75,Wayne Cegielski,,Northampton,loan transfer
Departures 74/75,Ray Evans,,Millwall,?
Departures 74/75,Alan Gilzean,,Unknown,?
Departures 74/75,Phil Holder,,Crystal Palace,?
Departures 74/75,Peter Collins,,Unknown,?
Arrivals 73/74,Glenn Hoddle,,Watford,?
Arrivals 73/74,Wayne Cegielski,,Unknown,?
Arrivals 73/74,Alfie Conn,,Rangers,?
Arrivals 73/74,Neil McNab,,Morton,?
Arrivals 73/74,Chris Jones,,Spurs U18,-
Arrivals 73/74,Noel Brotherston,,Spurs U18,-
Departures 73/74,Ray Clarke,,Swindon Town,?
Departures 73/74,Jimmy Pearce,,Retired,-
Departures 73/74,Roger Morgan,,Retired,-
Arrivals 72/73,John Margerrison,,Tottenham U21,-
Departures 72/73,Alan Mullery,,Fulham,£63Th.
Departures 72/73,John Cutbush,,Fulham,?
Departures 72/73,Tony Want,,Birmingham,?
Departures 72/73,David Jenkins,,Brentford,?
Arrivals 71/72,Ralph Coates,,Burnley,£225Th.
Arrivals 71/72,Chris McGrath,,Spurs U18,-
Departures 71/72,Neil Johnson,,Torquay United,?
Departures 71/72,Ken Hancock,,Bury,?
Departures 70/71,Dennis Bond,,Charlton,?
Arrivals 69/70,Martin Peters,,West Ham,£209Th.
Arrivals 69/70,Jimmy Neighbour,,Unknown,?
Arrivals 69/70,Terry Naylor,,Tottenham U21,-
Arrivals 69/70,Ray Clarke,,Tottenham Yth.,-
Arrivals 69/70,Barry Daines,,Spurs U18,-
Departures 69/70,Terry Venables,,QPR,£74Th.
Departures 69/70,Jimmy Greaves,,West Ham,?
Arrivals 68/69,Ken Hancock,,Ipswich,£7Th.
Arrivals 68/69,Roger Morgan,,QPR,?
Arrivals 68/69,David Jenkins,,Arsenal,?
Arrivals 68/69,Steve Perryman,,Tottenham U21,-
Arrivals 68/69,John Pratt,,Tottenham U21,-
Departures 68/69,Dave Mackay,,Derby,£9Th.
Departures 68/69,Jimmy Robertson,,Arsenal,?
Departures 68/69,Cliff Jones,,Fulham,?
Departures 68/69,Roger Hoy,,Crystal Palace,?
Arrivals 67/68,Martin Chivers,,Southampton,£135Th.
Arrivals 67/68,Peter Collins,,Chelmsford City,?
Arrivals 67/68,Ray Evans,,Tottenham U21,-
Departures 67/68,Frank Saul,,Southampton,?
Departures 67/68,Keith Weller,,Millwall,?
Departures 67/68,Derek Possee,,Millwall,?
Departures 67/68,Ron Henry,,Retired,-
Arrivals 66/67,Terry Venables,,Chelsea,£85Th.
Arrivals 66/67,Dennis Bond,,Watford,£31Th.
Arrivals 66/67,Mike England,,Blackburn,?
Arrivals 66/67,John Cutbush,,Tottenham U21,-
Departures 66/67,Peter Baker,,Durban United,free transfer
Departures 66/67,Bill Brown,,Northampton,?
Departures 66/67,Laurie Brown,,Norwich,?
Departures 66/67,Roy Low,,Watford,?
Departures 66/67,Maurice Norman,,Retired,-
Arrivals 65/66,Neil Johnson,,Unknown,?
Arrivals 65/66,Joe Kinnear,,Tottenham U21,-
Arrivals 65/66,Jimmy Pearce,,Spurs U18,-
Arrivals 65/66,Tony Want,,Spurs U18,-
Departures 65/66,Terry Dyson,,Fulham,?
Departures 65/66,Tony Marchi,,Cambridge City,?
Departures 65/66,Les Allen,,QPR,?
Arrivals 64/65,Alan Gilzean,,Dundee FC,£131Th.
Arrivals 64/65,Alan Mullery,,Fulham,£72Th.
Arrivals 64/65,Cyril Knowles,,Middlesbrough,£54Th.
Arrivals 64/65,Pat Jennings,,Watford,£27Th.
Arrivals 64/65,Laurie Brown,,Arsenal,?
Arrivals 64/65,Roger Hoy,,Spurs U18,-
Departures 64/65,John Hollowbread,,Southampton,£3Th.
Departures 64/65,Bobby Smith,,Brighton,?
Departures 64/65,Mel Hopkins,,Brighton,?
Departures 64/65,John Smith,,Coventry,?
Departures 64/65,Danny Blanchflower,,Retired,-
Arrivals 63/64,Jimmy Robertson,,St. Mirren,£33Th.
Arrivals 63/64,Keith Weller,,Spurs U18,-
Arrivals 63/64,Derek Possee,,Spurs U18,-
Arrivals 63/64,Phil Beal,,Spurs U18,-
Departures 63/64,Terry Medwin,,Unknown,?
Arrivals 61/62,Jimmy Greaves,,Milan,£113Th.
Arrivals 61/62,Roy Low,,Spurs U18,-
Departures 61/62,John Ryden,,Watford,free transfer
Arrivals 60/61,Frank Saul,,Spurs U18,-
Departures 60/61,Danny Blanchflower,,TCity,loan transfer
Departures 60/61,Tommy Harmer,,Watford,?
Departures 60/61,Ron Reynolds,,Southampton,?
Arrivals 59/60,John White,,Falkirk,£27Th.
Arrivals 59/60,Bill Brown,,Dundee FC,£23Th.
Arrivals 59/60,Tony Marchi,,Juventus,£21Th.
Arrivals 59/60,Les Allen,,Chelsea,?
Arrivals 59/60,John Smith,,West Ham,?
Arrivals 59/60,Alan Gilzean,,Aldershot,End of loan
Departures 59/60,Alfie Stokes,,Fulham,£10Th.
Departures 59/60,Alan Gilzean,,Aldershot,loan transfer
Departures 59/60,Jim Iley,,Nottm Forest,?
Departures 59/60,Johnny Brooks,,Chelsea,?
Departures 59/60,Dave Dunmore,,West Ham,?
Departures 59/60,George Robb,,Retired,-
Arrivals 58/59,Dave Mackay,,Heart of Midl.,£54Th.
Arrivals 58/59,Cliff Jones,,Swansea Town,?
Departures 58/59,Ted Ditchburn,,Career break,-
Departures 58/59,Micky Dulin,,Retired,-
Arrivals 57/58,Jim Iley,,Sheff Utd,?
Departures 57/58,Tony Marchi,,Juventus,£43Th.
Departures 57/58,Colin Brittan,,Bedford Town,?
Departures 57/58,Harry Clarke,,Retired,-
Arrivals 56/57,Terry Medwin,,Swansea Town,?
Departures 56/57,Sid McClellan,,Portsmouth,?
Arrivals 55/56,Maurice Norman,,Norwich,£32Th.
Arrivals 55/56,Bobby Smith,,Chelsea,£18Th.
Arrivals 55/56,John Ryden,,Accrington,£10Th.
Arrivals 55/56,Terry Dyson,,Scarborough,?
Arrivals 55/56,Ron Henry,,Spurs U18,-
Departures 55/56,Eddie Baily,,Port Vale,£8Th.
Departures 55/56,Johnny Gavin,,Norwich,?
Departures 55/56,Alf Ramsey,,Retired,-
Departures 55/56,Bill Nicholson,,Retired,-
Arrivals 54/55,Johnny Gavin,,Norwich,?
Arrivals 54/55,Danny Blanchflower,,Aston Villa,?
Departures 54/55,Arthur Willis,,Swansea Town,?
Departures 54/55,Ron Burgess,,Swansea Town,?
Arrivals 53/54,Dave Dunmore,,York City,?
Arrivals 52/53,Peter Baker,,Enfield Town,?
Arrivals 52/53,Alfie Stokes,,Clapton FC,?
Arrivals 52/53,Johnny Brooks,,Reading,?
Arrivals 52/53,Micky Dulin,,Welwyn Garden City FC,?
Departures 52/53,Peter Murphy,,Birmingham,?
Arrivals 51/52,Tommy Harmer,,Unknown,?
Arrivals 51/52,George Robb,,Wingate FC,?
Arrivals 51/52,Mel Hopkins,,Spurs U18,-
Arrivals 51/52,John Hollowbread,,Spurs U18,-
Arrivals 50/51,Peter Murphy,,Coventry,?
Arrivals 50/51,Ron Reynolds,,Aldershot FC,?
Arrivals 50/51,Tony Marchi,,Spurs U18,-
Departures 50/51,Billy Rees,,Leyton Orient,?
Arrivals 49/50,Billy Rees,,Cardiff,?
Arrivals 49/50,Sid McClellan,,Chelmsford City,?
Departures 49/50,Ernie Jones,,Southampton,?
Arrivals 48/49,Harry Clarke,,Lovell's Ath.,?
Arrivals 48/49,Alf Ramsey,,Southampton,?
Arrivals 48/49,Colin Brittan,,Unknown,?
Departures 48/49,Archie Hughes,,Blackburn,?
Departures 48/49,Johnny Jordan,,Juventus,?
Arrivals 47/48,Johnny Jordan,,Grays Athletic FC,?
Arrivals 47/48,Ernie Jones,,Swansea Town,?
Departures 47/48,Ronnie Dix,,Reading,?
Arrivals 46/47,Archie Hughes,,Huddersfield,?
Arrivals 46/47,Eddie Baily,,Tottenham U21,-
Arrivals 44/45,Arthur Willis,,Wingate FC,?
Departures 43/44,Willie Hall,,Retired,-
Arrivals 39/40,Ronnie Dix,,Derby,?
Arrivals 39/40,Ted Ditchburn,,Tottenham U21,-
Departures 39/40,Arthur Rowe,,Retired,-
Arrivals 38/39,Bert Sproston,,Leeds,?
Arrivals 38/39,Ron Burgess,,Unknown,?
Arrivals 38/39,Les Medley,,Unknown,?
Arrivals 38/39,Bill Nicholson,,Tottenham U21,-
Departures 38/39,Bert Sproston,,Man City,?
Departures 37/38,George Hunt,,Arsenal,£8Th.
Departures 36/37,Walter Alsford,,Nottm Forest,?
Departures 33/34,Willie Davies,,Swansea Town,?
Arrivals 32/33,Willie Hall,,Notts County,£3Th.
Arrivals 30/31,Willie Davies,,Notts County,?
Arrivals 30/31,George Hunt,,Chesterfield FC,?
Arrivals 1929/30,Arthur Rowe,,Unknown,?
Departures 1919/20,Alec Chaplin,,Fulham,?
Arrivals 1917/18,Alec Chaplin,,Unknown,?
Departures 1909/10,Vivian Woodward,,Chelsea,?
Arrivals 1901/02,Vivian Woodward,,Unknown,?
Departures 1895/96,Bill Julian,,Dartford,?
Arrivals 1894/95,Bill Julian,,Luton,?
